Security Code,Security Name,Company Name,Ex Date,Purpose,Record Date,BC Start Date, BC End Date	,ND Start Date,ND End Date,Actual Payment Date
511730,BYLD,BYLD Capital Finance Ltd,01 Jan 2026,Right Issue of Equity Shares ,01 Jan 2026,-,-,01 Jan 2026,01 Jan 2026,-
530715,ALPSINDUS,Alps Industries Ltd,02 Jan 2026,Resolution Plan -Suspension ,02 Jan 2026,-,-,02 Jan 2026,02 Jan 2026,-
543378,CWD,CWD Ltd,02 Jan 2026,Bonus issue 4:1,02 Jan 2026,-,-,02 Jan 2026,02 Jan 2026,-
512377,MAGANTR,Magnanimous Trade & finance Ltd,02 Jan 2026,Bonus issue 23:1,02 Jan 2026,-,-,02 Jan 2026,02 Jan 2026,-
534091,MCX,Multi Commodity Exchange of India Ltd,02 Jan 2026,Stock  Split From Rs.10/- to Rs.2/-,02 Jan 2026,-,-,02 Jan 2026,02 Jan 2026,-
511557,PROFINC,Pro Fin Capital Services Ltd,02 Jan 2026,Bonus issue 1:1,02 Jan 2026,-,-,02 Jan 2026,02 Jan 2026,-
543252,FAIRCHEMOR,Fairchem Organics Ltd,05 Jan 2026,Buy Back of Shares ,05 Jan 2026,-,-,05 Jan 2026,05 Jan 2026,-
544235,ORIENTTECH,Orient Technologies Ltd,05 Jan 2026,Bonus issue 1:10,05 Jan 2026,-,-,05 Jan 2026,05 Jan 2026,-
542012,A1L,A-1 Ltd,08 Jan 2026,Stock  Split From Rs.10/- to Rs.1/-,08 Jan 2026,-,-,08 Jan 2026,08 Jan 2026,-
501270,ANTARIKSH,Antariksh Industries Ltd,09 Jan 2026,Bonus issue 1:10,09 Jan 2026,-,-,09 Jan 2026,09 Jan 2026,-
542543,ENERGYINF,Energy Infrastructure Trust,09 Jan 2026,Income Distribution (InvIT) ,09 Jan 2026,-,-,09 Jan 2026,09 Jan 2026,-
540252,VSL,Viram Suvarn Ltd,09 Jan 2026,Right Issue of Equity Shares ,09 Jan 2026,-,-,09 Jan 2026,09 Jan 2026,-
532143,SKMEGGPROD,SKM Egg Products Export (India) Ltd,12 Jan 2026,Stock  Split From Rs.10/- to Rs.5/-,12 Jan 2026,-,-,12 Jan 2026,12 Jan 2026,-
539177,AIIL,Authum Investment & Infrastructure Ltd,13 Jan 2026,Bonus issue 4:1,13 Jan 2026,-,-,13 Jan 2026,13 Jan 2026,-
513349,AJMERA,Ajmera Realty & Infra India Ltd,14 Jan 2026,Stock  Split From Rs.10/- to Rs.2/-,15 Jan 2026,-,-,14 Jan 2026,14 Jan 2026,-
500247,KOTAKBANK,Kotak Mahindra Bank Ltd,14 Jan 2026,Stock  Split From Rs.5/- to Rs.1/-,14 Jan 2026,-,-,13 Jan 2026,13 Jan 2026,-
539660,BESTAGRO,Best Agrolife Ltd,16 Jan 2026,Stock  Split From Rs.10/- to Rs.1/-,16 Jan 2026,-,-,16 Jan 2026,16 Jan 2026,-
539660,BESTAGRO,Best Agrolife Ltd,16 Jan 2026,Bonus issue 1:2,16 Jan 2026,-,-,16 Jan 2026,16 Jan 2026,-
532281,HCLTECH,HCL Technologies Ltd,16 Jan 2026,Interim Dividend - Rs. - 12.0000,17 Jan 2026,-,-,16 Jan 2026,16 Jan 2026,-
544534,JARO,Jaro Institute of Technology Management and Research Ltd,16 Jan 2026,Interim Dividend - Rs. - 2.0000,16 Jan 2026,-,-,16 Jan 2026,16 Jan 2026,-
539956,TAALTECH,TAAL Tech Ltd,16 Jan 2026,Interim Dividend - Rs. - 35.0000,16 Jan 2026,-,-,16 Jan 2026,16 Jan 2026,-
532540,TCS,Tata Consultancy Services Ltd,16 Jan 2026,Special Dividend - Rs. - 46.0000,17 Jan 2026,-,-,16 Jan 2026,16 Jan 2026,-
532540,TCS,Tata Consultancy Services Ltd,16 Jan 2026,Interim Dividend - Rs. - 11.0000,17 Jan 2026,-,-,16 Jan 2026,16 Jan 2026,-
532525,MAHABANK,Bank of Maharashtra,20 Jan 2026,Interim Dividend - Rs. - 1.0000,20 Jan 2026,-,-,20 Jan 2026,20 Jan 2026,-
513683,NLCINDIA,NLC India Ltd,20 Jan 2026,Interim Dividend - Rs. - 3.6000,20 Jan 2026,-,-,20 Jan 2026,20 Jan 2026,-
543235,ANGELONE,Angel One Ltd,21 Jan 2026,Interim Dividend - Rs. - 23.0000,21 Jan 2026,-,-,21 Jan 2026,21 Jan 2026,-
542678,CHCL,Cian Healthcare Ltd,21 Jan 2026,Resolution Plan -Suspension ,21 Jan 2026,-,-,21 Jan 2026,21 Jan 2026,-
544658,ICICIAMC,ICICI Prudential Asset Management Company Ltd,21 Jan 2026,Interim Dividend - Rs. - 14.8500,21 Jan 2026,-,-,21 Jan 2026,21 Jan 2026,-
544295,PSPLATINA,Property Share Investment Trust - Propshare Platina,21 Jan 2026,Income Distribution (InvIT) ,21 Jan 2026,-,-,21 Jan 2026,21 Jan 2026,-
544462,PSTITANIA,Propshare Titania SM REIT - IPO (Second scheme of the Property Share Investment Trust),21 Jan 2026,Income Distribution REITs ,21 Jan 2026,-,-,21 Jan 2026,21 Jan 2026,-
533151,DBCORP,D. B. Corp Ltd,22 Jan 2026,Interim Dividend - Rs. - 2.0000,22 Jan 2026,-,-,22 Jan 2026,22 Jan 2026,-
522091,UVDRHOR,United Van Der Horst Ltd,22 Jan 2026,Stock  Split From Rs.5/- to Rs.1/-,22 Jan 2026,-,-,22 Jan 2026,22 Jan 2026,-
532885,CENTRALBK,Central Bank of India,23 Jan 2026,Interim Dividend - Rs. - 0.2000,23 Jan 2026,-,-,23 Jan 2026,23 Jan 2026,-
523367,DCMSHRIRAM,DCM Shriram Ltd,23 Jan 2026,Interim Dividend - Rs. - 3.6000,24 Jan 2026,-,-,23 Jan 2026,23 Jan 2026,-
531911,GALAGEX,Galaxy Agrico Exports Ltd,23 Jan 2026,Right Issue of Equity Shares ,23 Jan 2026,-,-,23 Jan 2026,23 Jan 2026,-
517354,HAVELLS,Havells India Ltd,23 Jan 2026,Interim Dividend - Rs. - 4.0000,23 Jan 2026,-,-,23 Jan 2026,23 Jan 2026,-
542446,JONJUA,Jonjua Overseas Ltd,23 Jan 2026,Bonus issue 5:40,23 Jan 2026,-,-,23 Jan 2026,23 Jan 2026,-
533273,OBEROIRLTY,Oberoi Realty Ltd,23 Jan 2026,Interim Dividend - Rs. - 2.0000,23 Jan 2026,-,-,23 Jan 2026,23 Jan 2026,-
531638,SURAJLTD,Suraj Ltd,23 Jan 2026,Interim Dividend - Rs. - 1.5000,23 Jan 2026,-,-,23 Jan 2026,23 Jan 2026,-
532375,TIPSMUSIC,Tips Music Ltd,23 Jan 2026,Interim Dividend - Rs. - 5.0000,23 Jan 2026,-,-,23 Jan 2026,23 Jan 2026,-
541299,DLCL,Dr Lalchandani Labs Ltd,27 Jan 2026,Right Issue of Equity Shares ,27 Jan 2026,-,-,27 Jan 2026,27 Jan 2026,-
543599,KSOLVES,Ksolves India Ltd,27 Jan 2026,Interim Dividend - Rs. - 5.0000,27 Jan 2026,-,-,27 Jan 2026,27 Jan 2026,-
533179,PERSISTENT,Persistent Systems Ltd,27 Jan 2026,Interim Dividend - Rs. - 22.0000,27 Jan 2026,-,-,27 Jan 2026,27 Jan 2026,-
503806,SRF,SRF Ltd,27 Jan 2026,Interim Dividend - Rs. - 5.0000,27 Jan 2026,-,-,27 Jan 2026,27 Jan 2026,-
532432,UNITDSPR,United Spirits Ltd,27 Jan 2026,Interim Dividend - Rs. - 6.0000,27 Jan 2026,-,-,27 Jan 2026,27 Jan 2026,-
507685,WIPRO,Wipro Ltd,27 Jan 2026,Interim Dividend - Rs. - 6.0000,27 Jan 2026,-,-,27 Jan 2026,27 Jan 2026,-
517569,KEI,KEI Industries Ltd,28 Jan 2026,Interim Dividend - Rs. - 4.5000,28 Jan 2026,-,-,28 Jan 2026,28 Jan 2026,-
539686,KPEL,K.P. Energy Ltd,28 Jan 2026,Interim Dividend - Rs. - 0.2000,28 Jan 2026,-,-,28 Jan 2026,28 Jan 2026,-
542323,KPIGREEN,KPI Green Energy Ltd,28 Jan 2026,Interim Dividend - Rs. - 0.2000,28 Jan 2026,-,-,28 Jan 2026,28 Jan 2026,-
544242,TRAVELS,Travels & Rentals Ltd,28 Jan 2026,Right Issue of Equity Shares ,28 Jan 2026,-,-,28 Jan 2026,28 Jan 2026,-
505412,WENDT,Wendt (India) Ltd,28 Jan 2026,Interim Dividend - Rs. - 20.0000,28 Jan 2026,-,-,28 Jan 2026,28 Jan 2026,-
505036,ACGL,Automobile Corporation of Goa Ltd,29 Jan 2026,Interim Dividend - Rs. - 5.0000,29 Jan 2026,-,-,29 Jan 2026,29 Jan 2026,-
532636,IIFL,IIFL Finance Ltd,29 Jan 2026,Interim Dividend - Rs. - 4.0000,29 Jan 2026,-,-,29 Jan 2026,29 Jan 2026,-
590065,IMPAL,India Motor Parts & Accessories Ltd,29 Jan 2026,Interim Dividend - Rs. - 10.0000,29 Jan 2026,-,-,29 Jan 2026,29 Jan 2026,-
532508,JSL,Jindal Stainless Ltd,29 Jan 2026,Interim Dividend - Rs. - 1.0000,29 Jan 2026,-,-,29 Jan 2026,29 Jan 2026,-
541301,ORIENTELEC,Orient Electric Ltd,29 Jan 2026,Interim Dividend - Rs. - 0.7500,29 Jan 2026,-,-,29 Jan 2026,29 Jan 2026,-
522034,SHANTIGEAR,Shanthi Gears Ltd,29 Jan 2026,Interim Dividend - Rs. - 3.0000,29 Jan 2026,-,-,29 Jan 2026,29 Jan 2026,-
504067,ZENSARTECH,Zensar Technologies Ltd,29 Jan 2026,Interim Dividend - Rs. - 2.4000,29 Jan 2026,-,-,29 Jan 2026,29 Jan 2026,-
523269,ADVANIHOTR,Advani Hotels & Resorts (India) Ltd,30 Jan 2026,Interim Dividend - Rs. - 1.0000,30 Jan 2026,-,-,30 Jan 2026,30 Jan 2026,-
543232,CAMS,Computer Age Management Services Ltd,30 Jan 2026,Interim Dividend - Rs. - 3.5000,30 Jan 2026,-,-,30 Jan 2026,30 Jan 2026,-
512169,CAPRICORN,Capricorn Systems Global Solutions Ltd,30 Jan 2026,Right Issue of Equity Shares ,30 Jan 2026,-,-,30 Jan 2026,30 Jan 2026,-
500093,CGPOWER,CG Power and Industrial Solutions Ltd,30 Jan 2026,Interim Dividend - Rs. - 1.3000,01 Feb 2026,-,-,01 Feb 2026,01 Feb 2026,-
532541,COFORGE,Coforge Ltd,30 Jan 2026,Interim Dividend - Rs. - 4.0000,31 Jan 2026,-,-,30 Jan 2026,30 Jan 2026,-
517514,DHINDIA,D & H India Ltd,30 Jan 2026,Right Issue of Equity Shares ,31 Jan 2026,-,-,30 Jan 2026,30 Jan 2026,-
544390,ENRIN,Siemens Energy India Ltd,30 Jan 2026,Final Dividend - Rs. - 4.0000,30 Jan 2026,-,-,30 Jan 2026,30 Jan 2026,-
542802,GALACTICO,Galactico Corporate Services Ltd,30 Jan 2026,Right Issue of Equity Shares ,31 Jan 2026,-,-,30 Jan 2026,30 Jan 2026,-
544029,GANDHAR,Gandhar Oil Refinery (India) Ltd,30 Jan 2026,Interim Dividend - Rs. - 0.7500,30 Jan 2026,-,-,30 Jan 2026,30 Jan 2026,-
532424,GODREJCP,Godrej Consumer Products Ltd,30 Jan 2026,Interim Dividend - Rs. - 5.0000,30 Jan 2026,-,-,30 Jan 2026,30 Jan 2026,-
544067,INNOVACAP,Innova Captab Ltd,30 Jan 2026,Interim Dividend - Rs. - 2.0000,30 Jan 2026,-,-,30 Jan 2026,30 Jan 2026,-
526935,KALIND,Kalind Ltd,30 Jan 2026,Right Issue of Equity Shares ,30 Jan 2026,-,-,30 Jan 2026,30 Jan 2026,-
505283,KIRLPNU,Kirloskar Pneumatic Company Ltd,30 Jan 2026,Interim Dividend - Rs. - 3.5000,30 Jan 2026,-,-,30 Jan 2026,30 Jan 2026,-
523704,MASTEK,Mastek Ltd,30 Jan 2026,Interim Dividend - Rs. - 8.0000,30 Jan 2026,-,-,30 Jan 2026,30 Jan 2026,-
540704,MATRIMONY,Matrimony.com Ltd,30 Jan 2026,Buy Back of Shares ,30 Jan 2026,-,-,30 Jan 2026,30 Jan 2026,-
543217,MINDSPACE,Mindspace Business Parks REIT,30 Jan 2026,Income Distribution REITs ,30 Jan 2026,-,-,30 Jan 2026,30 Jan 2026,-
532892,MOTILALOFS,Motilal Oswal Financial Services Ltd,30 Jan 2026,Interim Dividend - Rs. - 6.0000,31 Jan 2026,-,-,30 Jan 2026,30 Jan 2026,-
543385,NHIT,National Highways Infra Trust,30 Jan 2026,Income Distribution (InvIT) ,30 Jan 2026,-,-,30 Jan 2026,30 Jan 2026,-
543300,SONACOMS,Sona BLW Precision Forgings Ltd,30 Jan 2026,Interim Dividend - Rs. - 1.6000,30 Jan 2026,-,-,30 Jan 2026,30 Jan 2026,-
502355,BALKRISIND,Balkrishna Industries Ltd,02 Feb 2026,Interim Dividend - Rs. - 4.0000,02 Feb 2026,-,-,02 Feb 2026,02 Feb 2026,-
500547,BPCL,Bharat Petroleum Corporation Ltd,02 Feb 2026,Interim Dividend - Rs. - 10.0000,02 Feb 2026,-,-,02 Feb 2026,02 Feb 2026,-
544140,GOPAL,Gopal Snacks Ltd,02 Feb 2026,Interim Dividend - Rs. - 0.3500,02 Feb 2026,-,-,02 Feb 2026,02 Feb 2026,-
532783,LTFOODS,LT Foods Ltd,02 Feb 2026,Interim Dividend - Rs. - 1.0000,02 Feb 2026,-,-,02 Feb 2026,02 Feb 2026,-
543426,METROBRAND,Metro Brands Ltd,02 Feb 2026,Interim Dividend - Rs. - 3.0000,02 Feb 2026,-,-,02 Feb 2026,02 Feb 2026,-
540725,SHAREINDIA,Share India Securities Ltd,02 Feb 2026,Interim Dividend - Rs. - 0.4000,02 Feb 2026,-,-,02 Feb 2026,02 Feb 2026,-
503811,SIYSIL,Siyaram Silk Mills Ltd,02 Feb 2026,Interim Dividend - Rs. - 3.0000,02 Feb 2026,-,-,02 Feb 2026,02 Feb 2026,-
543655,ANZEN,Anzen India Energy Yield Plus Trust,03 Feb 2026,Income Distribution (InvIT) ,03 Feb 2026,-,-,03 Feb 2026,03 Feb 2026,-
543261,BIRET ,Brookfield India Real Estate Trust REIT,03 Feb 2026,Income Distribution REITs ,03 Feb 2026,-,-,03 Feb 2026,03 Feb 2026,-
540678,COCHINSHIP,Cochin Shipyard Ltd,03 Feb 2026,Interim Dividend - Rs. - 3.5000,03 Feb 2026,-,-,03 Feb 2026,03 Feb 2026,-
533761,GPTINFRA,GPT Infraprojects Ltd,03 Feb 2026,Interim Dividend - Rs. - 0.7500,03 Feb 2026,-,-,03 Feb 2026,03 Feb 2026,-
542011,GRSE,Garden Reach Shipbuilders & Engineers Ltd,03 Feb 2026,Interim Dividend - Rs. - 7.1500,03 Feb 2026,-,-,03 Feb 2026,03 Feb 2026,-
517385,SYMPHONY,Symphony Ltd,03 Feb 2026,Interim Dividend - Rs. - 2.0000,03 Feb 2026,-,-,03 Feb 2026,03 Feb 2026,-
532156,VAIBHAVGBL,Vaibhav Global Ltd,03 Feb 2026,Interim Dividend - Rs. - 1.5000,03 Feb 2026,-,-,03 Feb 2026,03 Feb 2026,-
532633,ALLDIGI,Alldigi Tech Ltd,04 Feb 2026,Interim Dividend - Rs. - 30.0000,04 Feb 2026,-,-,04 Feb 2026,04 Feb 2026,-
523694,APCOTEXIND,Apcotex Industries Ltd,04 Feb 2026,Interim Dividend - Rs. - 2.5000,04 Feb 2026,-,-,04 Feb 2026,04 Feb 2026,-
513375,CARBORUNIV,Carborundum Universal Ltd,04 Feb 2026,Interim Dividend - Rs. - 1.5000,04 Feb 2026,-,-,04 Feb 2026,04 Feb 2026,-
506395,COROMANDEL,Coromandel International Ltd,04 Feb 2026,Interim Dividend - Rs. - 9.0000,04 Feb 2026,-,-,04 Feb 2026,04 Feb 2026,-
544439,CRIZAC,Crizac Ltd,04 Feb 2026,Interim Dividend - Rs. - 8.0000,04 Feb 2026,-,-,04 Feb 2026,04 Feb 2026,-
543899,CUBEINVIT,Cube Highways Trust,04 Feb 2026,Income Distribution (InvIT) ,04 Feb 2026,-,-,04 Feb 2026,04 Feb 2026,-
505526,DOLATALGO,Dolat Algotech Ltd,04 Feb 2026,Interim Dividend - Rs. - 0.1000,04 Feb 2026,-,-,04 Feb 2026,04 Feb 2026,-
544030,FLAIR,Flair Writing Industries Ltd,04 Feb 2026,Interim Dividend - Rs. - 0.5000,04 Feb 2026,-,-,04 Feb 2026,04 Feb 2026,-
500620,GESHIP,Great Eastern Shipping Company Ltd,04 Feb 2026,Interim Dividend - Rs. - 9.0000,04 Feb 2026,-,-,04 Feb 2026,04 Feb 2026,-
507815,GILLETTE,Gillette India Ltd,04 Feb 2026,Special Dividend - Rs. - 60.0000,04 Feb 2026,-,-,04 Feb 2026,04 Feb 2026,-
507815,GILLETTE,Gillette India Ltd,04 Feb 2026,Interim Dividend - Rs. - 120.0000,04 Feb 2026,-,-,04 Feb 2026,04 Feb 2026,-
540750,IEX,Indian Energy Exchange Ltd,04 Feb 2026,Interim Dividend - Rs. - 1.5000,04 Feb 2026,-,-,04 Feb 2026,04 Feb 2026,-
500875,ITC,ITC Ltd,04 Feb 2026,Interim Dividend - Rs. - 6.5000,04 Feb 2026,-,-,04 Feb 2026,04 Feb 2026,-
542651,KPITTECH,KPIT Technologies Ltd,04 Feb 2026,Interim Dividend - Rs. - 2.2500,04 Feb 2026,-,-,04 Feb 2026,04 Feb 2026,-
540749,MASFIN,MAS Financial Services Ltd,04 Feb 2026,Interim Dividend - Rs. - 1.2500,04 Feb 2026,-,-,04 Feb 2026,04 Feb 2026,-
511243,CHOLAFIN,Cholamandalam Investment and Finance Company Ltd,05 Feb 2026,Interim Dividend - Rs. - 1.3000,05 Feb 2026,-,-,05 Feb 2026,05 Feb 2026,-
532155,GAIL,Gail (India) Ltd,05 Feb 2026,Dividend - Rs. - 5.0000,05 Feb 2026,-,-,05 Feb 2026,05 Feb 2026,-
539524,LALPATHLAB,Dr. Lal PathLabs Ltd,05 Feb 2026,Interim Dividend - Rs. - 3.5000,05 Feb 2026,-,-,05 Feb 2026,05 Feb 2026,-
533286,MOIL,Moil Ltd,05 Feb 2026,Interim Dividend - Rs. - 3.5300,05 Feb 2026,-,-,05 Feb 2026,05 Feb 2026,-
543913,NXST,Nexus Select Trust,05 Feb 2026,Income Distribution REITs ,05 Feb 2026,-,-,05 Feb 2026,05 Feb 2026,-
500459,PGHH,Procter & Gamble Hygiene and Health Care Ltd,05 Feb 2026,Interim Dividend - Rs. - 170.0000,05 Feb 2026,-,-,05 Feb 2026,05 Feb 2026,-
500459,PGHH,Procter & Gamble Hygiene and Health Care Ltd,05 Feb 2026,Special Dividend - Rs. - 25.0000,05 Feb 2026,-,-,05 Feb 2026,05 Feb 2026,-
536659,PVVINFRA,PVV Infra Ltd,05 Feb 2026,Right Issue of Equity Shares ,05 Feb 2026,-,-,05 Feb 2026,05 Feb 2026,-
506222,STYRENIX,Styrenix Performance Materials Ltd,05 Feb 2026,Interim Dividend - Rs. - 23.0000,05 Feb 2026,-,-,05 Feb 2026,05 Feb 2026,-
524715,SUNPHARMA,Sun Pharmaceutical Industries Ltd,05 Feb 2026,Interim Dividend - Rs. - 11.0000,05 Feb 2026,-,-,05 Feb 2026,05 Feb 2026,-
590073,WHEELS,Wheels India Ltd,05 Feb 2026,Interim Dividend - Rs. - 5.3000,05 Feb 2026,-,-,05 Feb 2026,05 Feb 2026,-
532268,ACCELYA,Accelya Solutions India Ltd,06 Feb 2026,Interim Dividend - Rs. - 45.0000,06 Feb 2026,-,-,06 Feb 2026,06 Feb 2026,-
544283,ACMESOLAR,ACME Solar Holdings Ltd,06 Feb 2026,Interim Dividend - Rs. - 0.2000,06 Feb 2026,-,-,06 Feb 2026,06 Feb 2026,-
590006,AMRUTANJAN,Amrutanjan Health Care Ltd,06 Feb 2026,Interim Dividend - Rs. - 1.0000,07 Feb 2026,-,-,06 Feb 2026,06 Feb 2026,-
531268,B2BSOFT,B2B Software Technologies Ltd,06 Feb 2026,Interim Dividend - Rs. - 1.0000,07 Feb 2026,-,-,06 Feb 2026,06 Feb 2026,-
543318,CLEAN,Clean Science and Technology Ltd,06 Feb 2026,Interim Dividend - Rs. - 2.0000,06 Feb 2026,-,-,06 Feb 2026,06 Feb 2026,-
522295,CONTROLPR,Control Print Ltd,06 Feb 2026,Interim Dividend - Rs. - 4.0000,06 Feb 2026,-,-,06 Feb 2026,06 Feb 2026,-
530343,GENUSPOWER,Genus Power Infrastructures Ltd,06 Feb 2026,Spin Off ,06 Feb 2026,-,-,06 Feb 2026,06 Feb 2026,-
540530,HUDCO,Housing & Urban Development Corporation Ltd,06 Feb 2026,Interim Dividend - Rs. - 1.1500,07 Feb 2026,-,-,06 Feb 2026,06 Feb 2026,-
544137,INDUSINVIT,Indus Infra Trust,06 Feb 2026,Income Distribution (InvIT) ,06 Feb 2026,-,-,06 Feb 2026,06 Feb 2026,-
532851,INSECTICID,Insecticides (India) Ltd,06 Feb 2026,Interim Dividend - Rs. - 2.0000,06 Feb 2026,-,-,06 Feb 2026,06 Feb 2026,-
531213,MANAPPURAM,Manappuram Finance Ltd,06 Feb 2026,Interim Dividend - Rs. - 0.5000,06 Feb 2026,-,-,06 Feb 2026,06 Feb 2026,-
544262,MANBA,Manba Finance Ltd,06 Feb 2026,Interim Dividend - Rs. - 0.2500,06 Feb 2026,-,-,06 Feb 2026,06 Feb 2026,-
532234,NATIONALUM,National Aluminium Company Ltd,06 Feb 2026,Interim Dividend - Rs. - 4.5000,06 Feb 2026,-,-,06 Feb 2026,06 Feb 2026,-
500790,NESTLEIND,Nestle India Ltd,06 Feb 2026,Interim Dividend - Rs. - 7.0000,06 Feb 2026,-,-,06 Feb 2026,06 Feb 2026,-
532555,NTPC,NTPC Ltd,06 Feb 2026,Interim Dividend - Rs. - 2.7500,06 Feb 2026,-,-,06 Feb 2026,06 Feb 2026,-
511644,OMEGAIN,Omega Interactive Technologies Ltd,06 Feb 2026,Stock  Split From Rs.10/- to Rs.1/-,06 Feb 2026,-,-,06 Feb 2026,06 Feb 2026,-
539978,QUESS,Quess Corp Ltd,06 Feb 2026,Interim Dividend - Rs. - 5.0000,06 Feb 2026,-,-,06 Feb 2026,06 Feb 2026,-
532955,RECLTD,REC Ltd,06 Feb 2026,Interim Dividend - Rs. - 4.6000,06 Feb 2026,-,-,06 Feb 2026,06 Feb 2026,-
538666,SHARDACROP,Sharda Cropchem Ltd,06 Feb 2026,Interim Dividend - Rs. - 6.0000,06 Feb 2026,-,-,06 Feb 2026,06 Feb 2026,-
544344,SHRIPISTON,Shriram Pistons & Rings Ltd,06 Feb 2026,Interim Dividend - Rs. - 5.0000,06 Feb 2026,-,-,06 Feb 2026,06 Feb 2026,-
540673,SIS,SIS Ltd,06 Feb 2026,Interim Dividend - Rs. - 7.0000,06 Feb 2026,-,-,06 Feb 2026,06 Feb 2026,-
543263,SMCGLOBAL,SMC Global Securities Ltd,06 Feb 2026,Interim Dividend - Rs. - 0.6000,06 Feb 2026,-,-,06 Feb 2026,06 Feb 2026,-
513517,STEELCAS,Steelcast Ltd,06 Feb 2026,Interim Dividend - Rs. - 0.4500,06 Feb 2026,-,-,06 Feb 2026,06 Feb 2026,-
590071,SUNDARMFIN,Sundaram Finance Ltd,06 Feb 2026,Interim Dividend - Rs. - 16.0000,06 Feb 2026,-,-,06 Feb 2026,06 Feb 2026,-
540212,TCIEXP,TCI Express Ltd,06 Feb 2026,Interim Dividend - Rs. - 7.0000,07 Feb 2026,-,-,06 Feb 2026,06 Feb 2026,-
532356,TRIVENI,Triveni Engineering & Industries Ltd,06 Feb 2026,Interim Dividend - Rs. - 1.5000,06 Feb 2026,-,-,06 Feb 2026,06 Feb 2026,-
590005,VEEDOL,Veedol Corporation Ltd,06 Feb 2026,Interim Dividend - Rs. - 14.0000,06 Feb 2026,-,-,06 Feb 2026,06 Feb 2026,-
524348,AARTIDRUGS,Aarti Drugs Ltd,09 Feb 2026,Interim Dividend - Rs. - 2.0000,09 Feb 2026,-,-,09 Feb 2026,09 Feb 2026,-
541143,BDL,Bharat Dynamics Ltd,09 Feb 2026,Interim Dividend - Rs. - 4.5000,09 Feb 2026,-,-,09 Feb 2026,09 Feb 2026,-
531344,CONCOR,Container Corporation of India Ltd,09 Feb 2026,Interim Dividend - Rs. - 3.4000,09 Feb 2026,-,-,09 Feb 2026,09 Feb 2026,-
543401,GOCOLORS,Go Fashion (India) Ltd,09 Feb 2026,Buy Back of Shares ,09 Feb 2026,-,-,09 Feb 2026,09 Feb 2026,-
532821,INDUSFILA,Indus Fila Ltd,09 Feb 2026,Resolution Plan -Suspension ,09 Feb 2026,-,-,09 Feb 2026,09 Feb 2026,-
532898,POWERGRID,Power Grid Corporation of India Ltd,09 Feb 2026,Interim Dividend - Rs. - 3.2500,09 Feb 2026,-,-,09 Feb 2026,09 Feb 2026,-
531688,PRITHVIEXCH,Prithvi Exchange (India) Ltd,09 Feb 2026,Interim Dividend - Rs. - 1.5000,09 Feb 2026,-,-,09 Feb 2026,09 Feb 2026,-
533655,TRITURBINE,Triveni Turbine Ltd,09 Feb 2026,Interim Dividend - Rs. - 2.2500,09 Feb 2026,-,-,09 Feb 2026,09 Feb 2026,-
500877,APOLLOTYRE,Apollo Tyres Ltd,10 Feb 2026,Interim Dividend - Rs. - 3.5000,10 Feb 2026,-,-,10 Feb 2026,10 Feb 2026,-
544543,BMWVENTLTD,BMW Ventures Ltd,10 Feb 2026,Interim Dividend - Rs. - 1.5000,10 Feb 2026,-,-,10 Feb 2026,10 Feb 2026,-
544338,CAPINVIT,Capital Infra Trus,10 Feb 2026,Income Distribution (InvIT) ,10 Feb 2026,-,-,10 Feb 2026,10 Feb 2026,-
519600,CCL,CCL Products (India) Ltd,10 Feb 2026,Interim Dividend - Rs. - 2.7500,10 Feb 2026,-,-,10 Feb 2026,10 Feb 2026,-
531162,EMAMILTD,Emami Ltd,10 Feb 2026,Interim Dividend - Rs. - 6.0000,10 Feb 2026,-,-,10 Feb 2026,10 Feb 2026,-
543271,JUBLINGREA,Jubilant Ingrevia Ltd,10 Feb 2026,Interim Dividend - Rs. - 2.5000,10 Feb 2026,-,-,10 Feb 2026,10 Feb 2026,-
544481,KRT,Knowledge Realty Trust,10 Feb 2026,Income Distribution REITs ,10 Feb 2026,-,-,10 Feb 2026,10 Feb 2026,-
533098,NHPC,NHPC Ltd,10 Feb 2026,Interim Dividend - Rs. - 1.4000,10 Feb 2026,-,-,10 Feb 2026,10 Feb 2026,-
509220,PTL,PTL Enterprises Ltd,10 Feb 2026,Interim Dividend - Rs. - 1.5000,10 Feb 2026,-,-,10 Feb 2026,10 Feb 2026,-
541556,RITES,RITES Ltd,10 Feb 2026,Interim Dividend - Rs. - 1.9000,10 Feb 2026,-,-,10 Feb 2026,10 Feb 2026,-
532349,TCI,Transport Corporation of India Ltd,10 Feb 2026,Interim Dividend - Rs. - 9.0000,10 Feb 2026,-,-,10 Feb 2026,10 Feb 2026,-
540762,TIINDIA,Tube Investments of India Ltd,10 Feb 2026,Interim Dividend - Rs. - 2.0000,10 Feb 2026,-,-,10 Feb 2026,10 Feb 2026,-
544536,WEALTH,Wealth First Portfolio Managers Ltd,10 Feb 2026,Interim Dividend - Rs. - 4.0000,10 Feb 2026,-,-,10 Feb 2026,10 Feb 2026,-
526433,ASMTEC,ASM Technologies Ltd,11 Feb 2026,Interim Dividend - Rs. - 2.5000,11 Feb 2026,-,-,11 Feb 2026,11 Feb 2026,-
544505,AUSTERE,Austere Systems Ltd,11 Feb 2026,Interim Dividend - Rs. - 0.2000,11 Feb 2026,-,-,11 Feb 2026,11 Feb 2026,-
539288,AVI,AVI Polymers Ltd,11 Feb 2026,Right Issue of Equity Shares ,11 Feb 2026,-,-,11 Feb 2026,11 Feb 2026,-
500480,CUMMINSIND,Cummins India Ltd,11 Feb 2026,Interim Dividend - Rs. - 20.0000,11 Feb 2026,-,-,11 Feb 2026,11 Feb 2026,-
500097,DALMIASUG,Dalmia Bharat Sugar and Industries Ltd,11 Feb 2026,Interim Dividend - Rs. - 4.5000,11 Feb 2026,-,-,11 Feb 2026,11 Feb 2026,-
542602,EMBASSY,Embassy Office Parks REIT,11 Feb 2026,Income Distribution REITs ,11 Feb 2026,-,-,11 Feb 2026,11 Feb 2026,-
531599,FDC,FDC Ltd,11 Feb 2026,Interim Dividend - Rs. - 5.0000,11 Feb 2026,-,-,11 Feb 2026,11 Feb 2026,-
500182,HEROMOTOCO,Hero MotoCorp Ltd,11 Feb 2026,Interim Dividend - Rs. - 110.0000,11 Feb 2026,-,-,11 Feb 2026,11 Feb 2026,-
506943,JBCHEPHARM,JB Chemicals & Pharmaceuticals Ltd,11 Feb 2026,Interim Dividend - Rs. - 12.7000,11 Feb 2026,-,-,11 Feb 2026,11 Feb 2026,-
532827,PAGEIND,Page Industries Ltd,11 Feb 2026,Interim Dividend - Rs. - 125.0000,11 Feb 2026,-,-,11 Feb 2026,11 Feb 2026,-
542649,RVNL,Rail Vikas Nigam Ltd,11 Feb 2026,Interim Dividend - Rs. - 1.0000,11 Feb 2026,-,-,11 Feb 2026,11 Feb 2026,-
544342,STALLION,Stallion India Fluorochemicals Ltd,11 Feb 2026,Right Issue of Equity Shares ,11 Feb 2026,-,-,11 Feb 2026,11 Feb 2026,-
519604,SURFI,Suryo Foods & Industries Ltd,11 Feb 2026,Right Issue of Equity Shares ,11 Feb 2026,-,-,11 Feb 2026,11 Feb 2026,-
532539,UNOMINDA,UNO Minda Ltd,11 Feb 2026,Interim Dividend - Rs. - 0.9000,11 Feb 2026,-,-,11 Feb 2026,11 Feb 2026,-
543489,GATEWAY,Gateway Distriparks Ltd,12 Feb 2026,Interim Dividend - Rs. - 0.7500,12 Feb 2026,-,-,12 Feb 2026,12 Feb 2026,-
543489,GATEWAY,Gateway Distriparks Ltd,12 Feb 2026,Special Dividend - Rs. - 1.2500,12 Feb 2026,-,-,12 Feb 2026,12 Feb 2026,-
526729,GOLDIAM,Goldiam International Ltd,12 Feb 2026,Interim Dividend - Rs. - 2.7500,12 Feb 2026,-,-,12 Feb 2026,12 Feb 2026,-
500126,PGHL,Procter & Gamble Health Ltd,12 Feb 2026,Special Dividend - Rs. - 50.0000,12 Feb 2026,-,-,12 Feb 2026,12 Feb 2026,-
500126,PGHL,Procter & Gamble Health Ltd,12 Feb 2026,Interim Dividend - Rs. - 110.0000,12 Feb 2026,-,-,12 Feb 2026,12 Feb 2026,-
543290,PGINVIT,POWERGRID Infrastructure Investment Trust,12 Feb 2026,Income Distribution (InvIT) ,12 Feb 2026,-,-,12 Feb 2026,12 Feb 2026,-
535322,REPCOHOME,Repco Home Finance Ltd,12 Feb 2026,Interim Dividend - Rs. - 2.0000,12 Feb 2026,-,-,12 Feb 2026,12 Feb 2026,-
538635,SNOWMAN,Snowman Logistics Ltd,12 Feb 2026,Interim Dividend - Rs. - 0.5000,12 Feb 2026,-,-,12 Feb 2026,12 Feb 2026,-
540575,STARCEMENT,Star Cement Ltd,12 Feb 2026,Interim Dividend - Rs. - 1.0000,12 Feb 2026,-,-,12 Feb 2026,12 Feb 2026,-
532733,SUNTV,Sun TV Network Ltd,12 Feb 2026,Interim Dividend - Rs. - 2.5000,12 Feb 2026,-,-,12 Feb 2026,12 Feb 2026,-
542285,AXITA,Axita Cotton Ltd,13 Feb 2026,Bonus issue 1:10,13 Feb 2026,-,-,13 Feb 2026,13 Feb 2026,-
500048,BEML,BEML Ltd,13 Feb 2026,Interim Dividend - Rs. - 2.5000,13 Feb 2026,-,-,13 Feb 2026,13 Feb 2026,-
540073,BLS,BLS International Services Ltd,13 Feb 2026,Interim Dividend - Rs. - 2.0000,13 Feb 2026,-,-,13 Feb 2026,13 Feb 2026,-
544107,BLSE,BLS E-Services Ltd,13 Feb 2026,Interim Dividend - Rs. - 0.5000,13 Feb 2026,-,-,13 Feb 2026,13 Feb 2026,-
533452,DELPHIFX,Delphi World Money Ltd,13 Feb 2026,Bonus issue 2:1,14 Feb 2026,-,-,13 Feb 2026,13 Feb 2026,-
533452,DELPHIFX,Delphi World Money Ltd,13 Feb 2026,Stock  Split From Rs.10/- to Rs.2/-,14 Feb 2026,-,-,13 Feb 2026,13 Feb 2026,-
505242,DYNAMATECH,Dynamatic Technologies Ltd,13 Feb 2026,Interim Dividend - Rs. - 5.0000,13 Feb 2026,-,-,13 Feb 2026,13 Feb 2026,-
500133,ESABINDIA,Esab India Ltd,13 Feb 2026,Interim Dividend - Rs. - 25.0000,14 Feb 2026,-,-,13 Feb 2026,13 Feb 2026,-
531111,GOTHIPL,Gothi Plascon India Ltd,13 Feb 2026,Interim Dividend - Rs. - 2.0000,13 Feb 2026,-,-,13 Feb 2026,13 Feb 2026,-
538567,GULFOILLUB,Gulf Oil Lubricants India Ltd,13 Feb 2026,Interim Dividend - Rs. - 21.0000,13 Feb 2026,-,-,13 Feb 2026,13 Feb 2026,-
517271,HBLENGINE,HBL Engineering Ltd,13 Feb 2026,Interim Dividend - Rs. - 2.0000,13 Feb 2026,-,-,13 Feb 2026,13 Feb 2026,-
513599,HINDCOPPER,Hindustan Copper Ltd,13 Feb 2026,Interim Dividend - Rs. - 1.0000,13 Feb 2026,-,-,13 Feb 2026,13 Feb 2026,-
532889,KPRMILL,K.P.R. Mill Limited,13 Feb 2026,Interim Dividend - Rs. - 2.5000,13 Feb 2026,-,-,13 Feb 2026,13 Feb 2026,-
543237,MAZDOCK,Mazagon Dock Shipbuilders Ltd,13 Feb 2026,Interim Dividend - Rs. - 7.5000,13 Feb 2026,-,-,13 Feb 2026,13 Feb 2026,-
539957,MGL,Mahanagar Gas Ltd,13 Feb 2026,Interim Dividend - Rs. - 12.0000,13 Feb 2026,-,-,13 Feb 2026,13 Feb 2026,-
538962,MINDACORP,Minda Corporation Ltd,13 Feb 2026,Interim Dividend - Rs. - 0.6000,13 Feb 2026,-,-,13 Feb 2026,13 Feb 2026,-
500290,MRF,MRF Ltd,13 Feb 2026,Interim Dividend - Rs. - 3.0000,13 Feb 2026,-,-,13 Feb 2026,13 Feb 2026,-
526371,NMDC,NMDC Ltd,13 Feb 2026,Interim Dividend - Rs. - 2.5000,13 Feb 2026,-,-,13 Feb 2026,13 Feb 2026,-
530367,NRBBEARING,NRB Bearings Ltd,13 Feb 2026,Interim Dividend - Rs. - 3.2000,13 Feb 2026,-,-,13 Feb 2026,13 Feb 2026,-
543228,ROUTE,Route Mobile Ltd,13 Feb 2026,Interim Dividend - Rs. - 3.0000,13 Feb 2026,-,-,13 Feb 2026,13 Feb 2026,-
513097,SBCL,Shivalik Bimetal Controls Ltd,13 Feb 2026,Interim Dividend - Rs. - 2.0000,13 Feb 2026,-,-,13 Feb 2026,13 Feb 2026,-
539450,SHK,S H Kelkar and Company Ltd,13 Feb 2026,Interim Dividend - Rs. - 1.0000,13 Feb 2026,-,-,13 Feb 2026,13 Feb 2026,-
532221,SONATSOFTW,Sonata Software Ltd,13 Feb 2026,Interim Dividend - Rs. - 1.2500,13 Feb 2026,-,-,13 Feb 2026,13 Feb 2026,-
530289,SPCAPIT,SP Capital Financing Ltd,13 Feb 2026,Interim Dividend - Rs. - 0.5000,14 Feb 2026,-,-,13 Feb 2026,13 Feb 2026,-
535601,SREEL,Sreeleathers Ltd,13 Feb 2026,Interim Dividend - Rs. - 1.0000,13 Feb 2026,-,-,13 Feb 2026,13 Feb 2026,-
532509,SUPRAJIT,Suprajit Engineering Ltd,13 Feb 2026,Interim Dividend - Rs. - 1.5000,13 Feb 2026,-,-,13 Feb 2026,13 Feb 2026,-
522091,UVDRHOR,United Van Der Horst Ltd,13 Feb 2026,Interim Dividend - Rs. - 0.2000,13 Feb 2026,-,-,13 Feb 2026,13 Feb 2026,-
539118,VRLLOG,VRL Logistics Ltd,13 Feb 2026,Interim Dividend - Rs. - 5.0000,13 Feb 2026,-,-,13 Feb 2026,13 Feb 2026,-
532404,7TEC,Saven Technologies Ltd,16 Feb 2026,Interim Dividend - Rs. - 1.5000,16 Feb 2026,-,-,16 Feb 2026,16 Feb 2026,-
543748,AARTIPHARM,Aarti Pharmalabs Ltd,16 Feb 2026,Interim Dividend - Rs. - 1.5000,16 Feb 2026,-,-,16 Feb 2026,16 Feb 2026,-
544579,ANANTAM,Anantam Highways Trust,16 Feb 2026,Income Distribution (InvIT) ,16 Feb 2026,-,-,16 Feb 2026,16 Feb 2026,-
508869,APOLLOHOSP,Apollo Hospitals Enterprise Ltd,16 Feb 2026,Interim Dividend - Rs. - 10.0000,16 Feb 2026,-,-,16 Feb 2026,16 Feb 2026,-
500495,ESCORTS,Escorts Kubota Ltd,16 Feb 2026,Special Dividend - Rs. - 18.0000,16 Feb 2026,-,-,16 Feb 2026,16 Feb 2026,-
542773,IIFLCAPS,IIFL Capital Services Ltd,16 Feb 2026,Interim Dividend - Rs. - 3.0000,16 Feb 2026,-,-,16 Feb 2026,16 Feb 2026,-
540526,IRBINVIT,IRB InvIT Fund,16 Feb 2026,Income Distribution (InvIT) ,16 Feb 2026,-,-,16 Feb 2026,16 Feb 2026,-
500245,KIRLFER,Kirloskar Ferrous Industries Ltd,16 Feb 2026,Interim Dividend - Rs. - 3.0000,16 Feb 2026,-,-,16 Feb 2026,16 Feb 2026,-
532732,KKCL,Kewal Kiran Clothing Ltd,16 Feb 2026,Interim Dividend - Rs. - 2.0000,16 Feb 2026,-,-,16 Feb 2026,16 Feb 2026,-
533289,KTIL,Kesar Terminals & Infrastructure Ltd,16 Feb 2026,Interim Dividend - Rs. - 0.5000,16 Feb 2026,-,-,16 Feb 2026,16 Feb 2026,-
533632,ONELIFECAP,Onelife Capital Advisors Ltd,16 Feb 2026,Right Issue of Equity Shares ,16 Feb 2026,-,-,16 Feb 2026,16 Feb 2026,-
532779,TORNTPOWER,Torrent Power Ltd,16 Feb 2026,Interim Dividend - Rs. - 15.0000,16 Feb 2026,-,-,16 Feb 2026,16 Feb 2026,-
543689,UNIPARTS,Uniparts India Ltd,16 Feb 2026,Interim Dividend - Rs. - 7.0000,16 Feb 2026,-,-,16 Feb 2026,16 Feb 2026,-
543253,BECTORFOOD,Mrs. Bectors Food Specialities Ltd,17 Feb 2026,Interim Dividend - Rs. - 0.6000,17 Feb 2026,-,-,17 Feb 2026,17 Feb 2026,-
524735,HIKAL,Hikal Ltd,17 Feb 2026,Interim Dividend - Rs. - 0.2000,17 Feb 2026,-,-,17 Feb 2026,17 Feb 2026,-
544311,IGIL,International Gemological Institute Ltd,17 Feb 2026,Interim Dividend - Rs. - 2.5000,17 Feb 2026,-,-,17 Feb 2026,17 Feb 2026,-
540565,INDIGRID,IndiGrid Infrastructure Trust,17 Feb 2026,Income Distribution (InvIT) ,17 Feb 2026,-,-,17 Feb 2026,17 Feb 2026,-
541300,INTERISE,INTERISE TRUST,17 Feb 2026,Income Distribution (InvIT) ,17 Feb 2026,-,-,17 Feb 2026,17 Feb 2026,-
524164,IOLCP,IOL Chemicals & Pharmaceuticals Ltd,17 Feb 2026,Interim Dividend - Rs. - 1.0000,17 Feb 2026,-,-,17 Feb 2026,17 Feb 2026,-
541956,IRCON,IRCON International Ltd,17 Feb 2026,Interim Dividend - Rs. - 1.2000,17 Feb 2026,-,-,17 Feb 2026,17 Feb 2026,-
500267,MAJESAUT,Majestic Auto Ltd,17 Feb 2026,Special Dividend - Rs. - 35.0000,17 Feb 2026,-,-,17 Feb 2026,17 Feb 2026,-
540082,RSTL,Riddhi Steel and Tube Ltd,17 Feb 2026,Bonus issue 1:2,17 Feb 2026,-,-,17 Feb 2026,17 Feb 2026,-
523598,SCI,Shipping Corporation of India Ltd,17 Feb 2026,Interim Dividend - Rs. - 3.5000,17 Feb 2026,-,-,17 Feb 2026,17 Feb 2026,-
538732,VGCL,Vibrant Global Capital Ltd,17 Feb 2026,Interim Dividend - Rs. - 0.6500,17 Feb 2026,-,-,17 Feb 2026,17 Feb 2026,-
523716,ASHIANA,Ashiana Housing Ltd,18 Feb 2026,Interim Dividend - Rs. - 1.0000,19 Feb 2026,-,-,19 Feb 2026,19 Feb 2026,-
519105,AVTNPL,AVT Natural Products Ltd,18 Feb 2026,Interim Dividend - Rs. - 0.3500,19 Feb 2026,-,-,19 Feb 2026,19 Feb 2026,-
539946,BAZELINTER,Bazel International Ltd,18 Feb 2026,Bonus issue 1:1,19 Feb 2026,-,-,19 Feb 2026,19 Feb 2026,-
500052,BEPL,Bhansali Engineering Polymers Ltd,18 Feb 2026,Interim Dividend - Rs. - 1.0000,19 Feb 2026,-,-,19 Feb 2026,19 Feb 2026,-
500493,BHARATFORG,Bharat Forge Ltd,18 Feb 2026,Interim Dividend - Rs. - 2.0000,18 Feb 2026,-,-,17 Feb 2026,17 Feb 2026,-
524534,BHASKAGR,Bhaskar Agrochemicals Ltd,18 Feb 2026,Interim Dividend - Rs. - 1.0000,19 Feb 2026,-,-,19 Feb 2026,19 Feb 2026,-
506197,BLISSGVS,Bliss GVS Pharma Ltd,18 Feb 2026,Interim Dividend - Rs. - 0.5000,18 Feb 2026,-,-,17 Feb 2026,17 Feb 2026,-
544101,BRISK,Brisk Technovision Ltd,18 Feb 2026,Interim Dividend - Rs. - 1.4000,19 Feb 2026,-,-,19 Feb 2026,19 Feb 2026,-
543441,CMSINFO,CMS Info Systems Ltd,18 Feb 2026,Interim Dividend - Rs. - 2.7500,18 Feb 2026,-,-,17 Feb 2026,17 Feb 2026,-
533278,COALINDIA,Coal India Ltd,18 Feb 2026,Interim Dividend - Rs. - 5.5000,18 Feb 2026,-,-,17 Feb 2026,17 Feb 2026,-
530655,GOODLUCK,Goodluck India Ltd,18 Feb 2026,Interim Dividend - Rs. - 3.0000,19 Feb 2026,-,-,19 Feb 2026,19 Feb 2026,-
543317,GRINFRA,G R Infraprojects Ltd,18 Feb 2026,Interim Dividend - Rs. - 2.5000,19 Feb 2026,-,-,19 Feb 2026,19 Feb 2026,-
541154,HAL,Hindustan Aeronautics Ltd,18 Feb 2026,Interim Dividend - Rs. - 35.0000,18 Feb 2026,-,-,17 Feb 2026,17 Feb 2026,-
522064,HONDAPOWER,Honda India Power Products Ltd,18 Feb 2026,Interim Dividend - Rs. - 3.5000,19 Feb 2026,-,-,19 Feb 2026,19 Feb 2026,-
532514,IGL,Indraprastha Gas Ltd,18 Feb 2026,Interim Dividend - Rs. - 3.2500,19 Feb 2026,-,-,19 Feb 2026,19 Feb 2026,-
532947,IRB,IRB Infrastructure Developers Ltd,18 Feb 2026,Interim Dividend - Rs. - 0.0700,19 Feb 2026,-,-,19 Feb 2026,19 Feb 2026,-
542597,MSTCLTD,MSTC Ltd,18 Feb 2026,Interim Dividend - Rs. - 7.6000,18 Feb 2026,-,-,17 Feb 2026,17 Feb 2026,-
524816,NATCOPHARM,Natco Pharma Ltd,18 Feb 2026,Interim Dividend - Rs. - 1.5000,18 Feb 2026,-,-,17 Feb 2026,17 Feb 2026,-
533106,OIL,Oil India Ltd,18 Feb 2026,Interim Dividend - Rs. - 7.0000,18 Feb 2026,-,-,17 Feb 2026,17 Feb 2026,-
500312,ONGC,Oil and Natural Gas Corporation Ltd,18 Feb 2026,Interim Dividend - Rs. - 6.2500,18 Feb 2026,-,-,17 Feb 2026,17 Feb 2026,-
513119,ONIXSOLAR,Onix Solar Energy Ltd,18 Feb 2026,Right Issue of Equity Shares ,18 Feb 2026,-,-,17 Feb 2026,17 Feb 2026,-
523539,PRECWIRE,Precision Wires India Ltd,18 Feb 2026,Interim Dividend - Rs. - 0.3500,19 Feb 2026,-,-,19 Feb 2026,19 Feb 2026,-
530331,PREMCO,Premco Global Ltd,18 Feb 2026,Interim Dividend - Rs. - 2.0000,18 Feb 2026,-,-,17 Feb 2026,17 Feb 2026,-
506642,SADHNANIQ,Sadhana Nitro Chem Ltd,18 Feb 2026,Right Issue of Equity Shares ,19 Feb 2026,-,-,19 Feb 2026,19 Feb 2026,-
520086,SICALLOG,Sical Logistics Ltd,18 Feb 2026,Right Issue of Equity Shares ,18 Feb 2026,-,-,17 Feb 2026,17 Feb 2026,-
500420,TORNTPHARM,Torrent Pharmaceuticals Ltd,18 Feb 2026,Interim Dividend - Rs. - 29.0000,19 Feb 2026,-,-,19 Feb 2026,19 Feb 2026,-
539523,ALKEM,Alkem Laboratories Ltd,20 Feb 2026,Interim Dividend - Rs. - 43.0000,20 Feb 2026,-,-,20 Feb 2026,20 Feb 2026,-
501425,BBTC,The Bombay Burmah Trading Corporation Ltd,20 Feb 2026,Interim Dividend - Rs. - 17.0000,20 Feb 2026,-,-,20 Feb 2026,20 Feb 2026,-
540956,BHATIA,Bhatia Communications & Retail (India) Ltd,20 Feb 2026,Interim Dividend - Rs. - 0.0100,20 Feb 2026,-,-,20 Feb 2026,20 Feb 2026,-
533267,CANTABIL,Cantabil Retail India Ltd,20 Feb 2026,Interim Dividend - Rs. - 0.7500,20 Feb 2026,-,-,20 Feb 2026,20 Feb 2026,-
500117,DCW,DCW Ltd,20 Feb 2026,Interim Dividend - Rs. - 0.1000,20 Feb 2026,-,-,20 Feb 2026,20 Feb 2026,-
543547,DDEVPLSTIK,Ddev Plastiks Industries Ltd,20 Feb 2026,Interim Dividend - Rs. - 0.5000,20 Feb 2026,-,-,20 Feb 2026,20 Feb 2026,-
531171,DHARTI,Dharti Proteins Ltd,20 Feb 2026,Resolution Plan -Suspension ,20 Feb 2026,-,-,20 Feb 2026,20 Feb 2026,-
532809,FSL,Firstsource Solutions Ltd,20 Feb 2026,Interim Dividend - Rs. - 5.5000,20 Feb 2026,-,-,20 Feb 2026,20 Feb 2026,-
532240,INDNIPPON,India Nippon Electricals Ltd,20 Feb 2026,Interim Dividend - Rs. - 15.5000,20 Feb 2026,-,-,20 Feb 2026,20 Feb 2026,-
542830,IRCTC,Indian Railway Catering and Tourism Corporation Ltd,20 Feb 2026,Interim Dividend - Rs. - 3.5000,20 Feb 2026,-,-,20 Feb 2026,20 Feb 2026,-
533293,KIRLOSENG,Kirloskar Oil Engines Ltd,20 Feb 2026,Interim Dividend - Rs. - 2.5000,20 Feb 2026,-,-,20 Feb 2026,20 Feb 2026,-
519421,KSE,KSE Ltd,20 Feb 2026,Interim Dividend - Rs. - 5.0000,21 Feb 2026,-,-,20 Feb 2026,20 Feb 2026,-
539682,MOBAVENUE,Mobavenue AI Tech Ltd,20 Feb 2026,Interim Dividend - Rs. - 0.5000,20 Feb 2026,-,-,20 Feb 2026,20 Feb 2026,-
532777,NAUKRI,Info Edge (India) Ltd,20 Feb 2026,Interim Dividend - Rs. - 2.4000,20 Feb 2026,-,-,20 Feb 2026,20 Feb 2026,-
502168,NCLIND,NCL Industries Ltd,20 Feb 2026,Interim Dividend - Rs. - 1.5000,21 Feb 2026,-,-,20 Feb 2026,20 Feb 2026,-
500307,NIRLON,Nirlon Ltd,20 Feb 2026,Interim Dividend - Rs. - 15.0000,20 Feb 2026,-,-,20 Feb 2026,20 Feb 2026,-
531726,PANCHSHEEL,Panchsheel Organics Ltd,20 Feb 2026,Interim Dividend - Rs. - 0.8000,20 Feb 2026,-,-,20 Feb 2026,20 Feb 2026,-
532810,PFC,Power Finance Corporation Ltd,20 Feb 2026,Interim Dividend - Rs. - 4.0000,20 Feb 2026,-,-,20 Feb 2026,20 Feb 2026,-
532524,PTC,PTC India Ltd,20 Feb 2026,Interim Dividend - Rs. - 3.0000,20 Feb 2026,-,-,20 Feb 2026,20 Feb 2026,-
538646,QGO,QGO Finance Ltd,20 Feb 2026,Interim Dividend - Rs. - 0.1500,20 Feb 2026,-,-,20 Feb 2026,20 Feb 2026,-
520073,RACLGEAR,RACL Geartech Ltd,20 Feb 2026,Interim Dividend - Rs. - 1.5000,20 Feb 2026,-,-,20 Feb 2026,20 Feb 2026,-
524230,RCF,Rashtriya Chemicals and Fertilizers Ltd,20 Feb 2026,Interim Dividend - Rs. - 1.0000,20 Feb 2026,-,-,20 Feb 2026,20 Feb 2026,-
543936,SENCO,Senco Gold Ltd,20 Feb 2026,Interim Dividend - Rs. - 0.7500,20 Feb 2026,-,-,20 Feb 2026,20 Feb 2026,-
530017,SIL,Standard Industries Ltd,20 Feb 2026,Interim Dividend - Rs. - 0.5500,20 Feb 2026,-,-,20 Feb 2026,20 Feb 2026,-
533206,SJVN,SJVN Ltd,20 Feb 2026,Interim Dividend - Rs. - 1.1500,20 Feb 2026,-,-,20 Feb 2026,20 Feb 2026,-
522229,TANAA,Taneja Aerospace & Aviation Ltd,20 Feb 2026,Interim Dividend - Rs. - 2.5000,20 Feb 2026,-,-,20 Feb 2026,20 Feb 2026,-
524717,TITANBIO,Titan Biotech Ltd,20 Feb 2026,Stock  Split From Rs.10/- to Rs.2/-,20 Feb 2026,-,-,20 Feb 2026,20 Feb 2026,-
522014,UNIDT,United Drilling Tools Ltd,20 Feb 2026,Interim Dividend - Rs. - 0.6000,20 Feb 2026,-,-,20 Feb 2026,20 Feb 2026,-
543449,WEL,Wonder Electricals Ltd,20 Feb 2026,Interim Dividend - Rs. - 0.1000,20 Feb 2026,-,-,20 Feb 2026,20 Feb 2026,-
523642,PIIND,PI Industries Ltd,23 Feb 2026,Interim Dividend - Rs. - 5.0000,23 Feb 2026,-,-,23 Feb 2026,23 Feb 2026,-
530499,AKCAPIT,AK Capital Services Ltd,24 Feb 2026,Interim Dividend - Rs. - 22.0000,24 Feb 2026,-,-,24 Feb 2026,24 Feb 2026,-
532847,HILTON,Hilton Metal Forging Ltd,24 Feb 2026,Right Issue of Equity Shares ,24 Feb 2026,-,-,24 Feb 2026,24 Feb 2026,-
531395,PADAMCO,Padam Cotton Yarns Ltd,24 Feb 2026,Right Issue of Equity Shares ,24 Feb 2026,-,-,24 Feb 2026,24 Feb 2026,-
512608,BHANDARI,Bhandari Hosiery Exports Ltd,25 Feb 2026,Right Issue of Equity Shares ,25 Feb 2026,-,-,25 Feb 2026,25 Feb 2026,-
507962,FYNX,Fynx Capital Ltd,25 Feb 2026,Stock  Split From Rs.10/- to Rs.1/-,25 Feb 2026,-,-,25 Feb 2026,25 Feb 2026,-
534309,NBCC,NBCC (India) Ltd,25 Feb 2026,Interim Dividend - Rs. - 0.1200,25 Feb 2026,-,-,25 Feb 2026,25 Feb 2026,-
543235,ANGELONE,Angel One Ltd,26 Feb 2026,Stock  Split From Rs.10/- to Rs.1/-,26 Feb 2026,-,-,26 Feb 2026,26 Feb 2026,-
530495,STRATMONT,Stratmont Industries Ltd,26 Feb 2026,Interim Dividend - Rs. - 0.1000,26 Feb 2026,-,-,26 Feb 2026,26 Feb 2026,-
523736,DVL,Dhunseri Ventures Ltd,27 Feb 2026,Interim Dividend - Rs. - 3.5000,27 Feb 2026,-,-,27 Feb 2026,27 Feb 2026,-
543644,INFOBEAN,Infobeans Technologies Ltd,27 Feb 2026,Bonus issue 3:1,27 Feb 2026,-,-,27 Feb 2026,27 Feb 2026,-
544490,SHREEJISPG,Shreeji Shipping Global Ltd,27 Feb 2026,Interim Dividend - Rs. - 1.0000,28 Feb 2026,-,-,27 Feb 2026,27 Feb 2026,-
526827,SPICEISLIN,Spice Islands Industries Ltd,27 Feb 2026,Interim Dividend - Rs. - 0.5000,27 Feb 2026,-,-,27 Feb 2026,27 Feb 2026,-
543225,ALTIUSINVIT,Altius Telecom Infrastructure Trust,02 Mar 2026,Income Distribution (InvIT) ,02 Mar 2026,-,-,02 Mar 2026,02 Mar 2026,-
539787,HCG,HealthCare Global Enterprises Ltd,02 Mar 2026,Right Issue of Equity Shares ,02 Mar 2026,-,-,02 Mar 2026,02 Mar 2026,-
514274,VGL,Varvee Global Ltd,02 Mar 2026,Stock  Split From Rs.10/- to Rs.5/-,02 Mar 2026,-,-,02 Mar 2026,02 Mar 2026,-
512441,ENBETRD,Enbee Trade & Finance Ltd,04 Mar 2026,Right Issue of Equity Shares ,04 Mar 2026,-,-,04 Mar 2026,04 Mar 2026,-
500298,NAPEROL,Naperol Investments Ltd,04 Mar 2026,Interim Dividend - Rs. - 3.0000,04 Mar 2026,-,-,04 Mar 2026,04 Mar 2026,-
530943,AQYLON,Aqylon Nexus Ltd,05 Mar 2026,Stock  Split From Rs.10/- to Rs.1/-,05 Mar 2026,-,-,05 Mar 2026,05 Mar 2026,-
508905,NEXOME,Nexome Capital Markets Ltd,05 Mar 2026,Right Issue of Equity Shares ,05 Mar 2026,-,-,05 Mar 2026,05 Mar 2026,-
531533,ACCEDERE,Accedere Ltd,06 Mar 2026,Bonus issue 1:10,06 Mar 2026,-,-,06 Mar 2026,06 Mar 2026,-
500049,BEL,Bharat Electronics Ltd,06 Mar 2026,Interim Dividend - Rs. - 1.9500,06 Mar 2026,-,-,06 Mar 2026,06 Mar 2026,-
539175,BLUEGOD,Bluegod Entertainment Ltd,06 Mar 2026,Right Issue of Equity Shares ,06 Mar 2026,-,-,06 Mar 2026,06 Mar 2026,-
531775,CISTRO,CISTRO Telelink Ltd,06 Mar 2026,Reduction of Capital ,06 Mar 2026,-,-,06 Mar 2026,06 Mar 2026,-
500147,COCKERILL,John Cockerill India Ltd,06 Mar 2026,Final Dividend - Rs. - 7.0000,06 Mar 2026,-,-,06 Mar 2026,06 Mar 2026,-
543518,EIGHTY,Eighty Jewellers Ltd,06 Mar 2026,Interim Dividend - Rs. - 0.1000,07 Mar 2026,-,-,06 Mar 2026,06 Mar 2026,-
532178,ENGINERSIN,Engineers India Ltd,06 Mar 2026,Interim Dividend - Rs. - 1.5000,06 Mar 2026,-,-,06 Mar 2026,06 Mar 2026,-
507912,GYFTR,Gyftr Ltd,06 Mar 2026,Bonus issue 4:1,06 Mar 2026,-,-,06 Mar 2026,06 Mar 2026,-
540519,MEERA,Meera Industries Ltd,06 Mar 2026,Stock  Split From Rs.10/- to Rs.5/-,06 Mar 2026,-,-,06 Mar 2026,06 Mar 2026,-
540719,SBILIFE,SBI Life Insurance Company Ltd,06 Mar 2026,Interim Dividend - Rs. - 2.7000,06 Mar 2026,-,-,06 Mar 2026,06 Mar 2026,-
543525,SILVERTUC,Silver Touch Technologies Ltd,06 Mar 2026,Bonus issue 1:1,06 Mar 2026,-,-,06 Mar 2026,06 Mar 2026,-
543525,SILVERTUC,Silver Touch Technologies Ltd,06 Mar 2026,Stock  Split From Rs.10/- to Rs.2/-,06 Mar 2026,-,-,06 Mar 2026,06 Mar 2026,-
523850,AXTEL,Axtel Industries Ltd,09 Mar 2026,Interim Dividend - Rs. - 12.0000,09 Mar 2026,-,-,09 Mar 2026,09 Mar 2026,-
530843,CUPID,Cupid Ltd,09 Mar 2026,Bonus issue 4:1,09 Mar 2026,-,-,09 Mar 2026,09 Mar 2026,-
506854,TANFACIND,TANFAC Industries Ltd,09 Mar 2026,Stock  Split From Rs.10/- to Rs.5/-,09 Mar 2026,-,-,09 Mar 2026,09 Mar 2026,-
543787,ROBU,Macfos Ltd,10 Mar 2026,Bonus issue 1:10,10 Mar 2026,-,-,10 Mar 2026,10 Mar 2026,-
523319,BALMLAWRIE,Balmer Lawrie & Company Ltd,11 Mar 2026,Interim Dividend - Rs. - 4.2500,11 Mar 2026,-,-,11 Mar 2026,11 Mar 2026,-
517246,BCCFUBA,BCC Fuba India Ltd,11 Mar 2026,Right Issue of Equity Shares ,11 Mar 2026,-,-,11 Mar 2026,11 Mar 2026,-
500109,MRPL,Mangalore Refinery and Petrochemicals Ltd,11 Mar 2026,Interim Dividend - Rs. - 4.0000,11 Mar 2026,-,-,11 Mar 2026,11 Mar 2026,-
544379,PRABHA,Prabha Energy Ltd,11 Mar 2026,Right Issue of Equity Shares ,11 Mar 2026,-,-,11 Mar 2026,11 Mar 2026,-
543066,SBICARD,SBI Cards and Payment Services Ltd,11 Mar 2026,Interim Dividend - Rs. - 2.5000,11 Mar 2026,-,-,11 Mar 2026,11 Mar 2026,-
530965,IOC,Indian Oil Corporation Ltd,12 Mar 2026,Interim Dividend - Rs. - 2.0000,12 Mar 2026,-,-,12 Mar 2026,12 Mar 2026,-
532735,RSYSTEMS,R Systems International Ltd,12 Mar 2026,Interim Dividend - Rs. - 6.0000,12 Mar 2026,-,-,12 Mar 2026,12 Mar 2026,-
543464,SPITZE,Maruti Interior Products Ltd,12 Mar 2026,Right Issue of Equity Shares ,12 Mar 2026,-,-,12 Mar 2026,12 Mar 2026,-
532733,SUNTV,Sun TV Network Ltd,12 Mar 2026,Interim Dividend - Rs. - 1.2500,12 Mar 2026,-,-,12 Mar 2026,12 Mar 2026,-
540168,SUPRAPFSL,Supra Pacific Financial Services Ltd,12 Mar 2026,Right Issue of Equity Shares ,12 Mar 2026,-,-,12 Mar 2026,12 Mar 2026,-
531950,VERTEX,Vertex Securities Ltd,12 Mar 2026,Right Issue of Equity Shares ,12 Mar 2026,-,-,12 Mar 2026,12 Mar 2026,-
532927,ECLERX,eClerx Services Ltd,13 Mar 2026,Bonus issue 1:1,13 Mar 2026,-,-,13 Mar 2026,13 Mar 2026,-
522195,FRONTSP,Frontier Springs Ltd,13 Mar 2026,Bonus issue 2:1,13 Mar 2026,-,-,13 Mar 2026,13 Mar 2026,-
539984,HIIL,Hindusthan Insulators & Industries Ltd,13 Mar 2026,Stock  Split From Rs.10/- to Rs.2/-,13 Mar 2026,-,-,13 Mar 2026,13 Mar 2026,-
543257,IRFC,Indian Railway Finance Corporation Ltd,13 Mar 2026,Interim Dividend - Rs. - 1.0500,13 Mar 2026,-,-,13 Mar 2026,13 Mar 2026,-
543265,RAILTEL,RailTel Corporation of India Ltd,13 Mar 2026,Interim Dividend - Rs. - 1.0000,13 Mar 2026,-,-,13 Mar 2026,13 Mar 2026,-
544303,TTC,Toss The Coin Ltd,13 Mar 2026,Interim Dividend - Rs. - 5.0000,13 Mar 2026,-,-,13 Mar 2026,13 Mar 2026,-
500089,DICIND,DIC India Ltd,16 Mar 2026,Final Dividend - Rs. - 3.0000,16 Mar 2026,-,-,16 Mar 2026,16 Mar 2026,-
540776,5PAISA,5paisa Capital Ltd,17 Mar 2026,Right Issue of Equity Shares ,17 Mar 2026,-,-,17 Mar 2026,17 Mar 2026,-
500039,BANCOINDIA,Banco Products (India) Ltd,18 Mar 2026,Interim Dividend - Rs. - 8.0000,19 Mar 2026,-,-,19 Mar 2026,19 Mar 2026,-
541195,MIDHANI,Mishra Dhatu Nigam Ltd,18 Mar 2026,Interim Dividend - Rs. - 0.8500,19 Mar 2026,-,-,19 Mar 2026,19 Mar 2026,-
532485,BLIL,Balmer Lawrie Investments Ltd,20 Mar 2026,Interim Dividend - Rs. - 2.0300,20 Mar 2026,-,-,20 Mar 2026,20 Mar 2026,-
532468,KAMAHOLD,Kama Holdings Ltd,20 Mar 2026,Interim Dividend - Rs. - 23.2000,20 Mar 2026,-,-,20 Mar 2026,20 Mar 2026,-
523384,MAHAPEXLTD,Maha Rashtra Apex Corporation Ltd,20 Mar 2026,Right Issue of Equity Shares ,20 Mar 2026,-,-,20 Mar 2026,20 Mar 2026,-
542650,METROPOLIS,Metropolis Healthcare Ltd,20 Mar 2026,Bonus issue 3:1,20 Mar 2026,-,-,20 Mar 2026,20 Mar 2026,-
543385,NHIT,National Highways Infra Trust,20 Mar 2026,Income Distribution (InvIT) ,20 Mar 2026,-,-,20 Mar 2026,20 Mar 2026,-
532955,RECLTD,REC Ltd,20 Mar 2026,Interim Dividend - Rs. - 3.2000,20 Mar 2026,-,-,20 Mar 2026,20 Mar 2026,-
500870,CASTROLIND,Castrol India Ltd,23 Mar 2026,Final Dividend - Rs. - 5.2500,23 Mar 2026,-,-,23 Mar 2026,23 Mar 2026,-
500201,INDIAGLYCO,India Glycols Ltd,23 Mar 2026,Interim Dividend - Rs. - 7.5000,23 Mar 2026,-,-,23 Mar 2026,23 Mar 2026,-
532810,PFC,Power Finance Corporation Ltd,23 Mar 2026,Interim Dividend - Rs. - 3.2500,23 Mar 2026,-,-,23 Mar 2026,23 Mar 2026,-
505196,TIL,TIL Ltd,23 Mar 2026,Right Issue of Equity Shares ,23 Mar 2026,-,-,23 Mar 2026,23 Mar 2026,-
524500,KILITCH,Kilitch Drugs India Ltd,24 Mar 2026,Bonus issue 1:1,24 Mar 2026,-,-,24 Mar 2026,24 Mar 2026,-
543310,TIMESGREEN,Times Green Energy (India) Ltd,24 Mar 2026,Bonus issue 1:1,24 Mar 2026,-,-,24 Mar 2026,24 Mar 2026,-
543859,DIGIFIBRE,Digital Fibre Infrastructure Trust,25 Mar 2026,Income Distribution (InvIT) ,25 Mar 2026,-,-,25 Mar 2026,25 Mar 2026,-
517372,GUJINTRX,Gujarat Intrux Ltd,25 Mar 2026,Interim Dividend - Rs. - 7.5000,25 Mar 2026,-,-,25 Mar 2026,25 Mar 2026,-
544005,ISCITRUST,Intelligent Supply Chain Infrastructure Trust,25 Mar 2026,Income Distribution (InvIT) ,25 Mar 2026,-,-,25 Mar 2026,25 Mar 2026,-
512595,MANBRO,Manbro Industries Ltd,25 Mar 2026,Stock  Split From Rs.10/- to Rs.1/-,25 Mar 2026,-,-,25 Mar 2026,25 Mar 2026,-
531033,REGAL,Regal Entertainment & Consultants Ltd,25 Mar 2026,Right Issue of Equity Shares ,25 Mar 2026,-,-,25 Mar 2026,25 Mar 2026,-
532867,V2RETAIL,V2 Retail Ltd,25 Mar 2026,Stock  Split From Rs.10/- to Rs.1/-,26 Mar 2026,-,-,25 Mar 2026,25 Mar 2026,-
543235,ANGELONE,Angel One Ltd,27 Mar 2026,Interim Dividend - Rs. - 1.7500,27 Mar 2026,-,-,27 Mar 2026,27 Mar 2026,-
544337,AVAX,Avax Apparels and Ornaments Ltd,27 Mar 2026,Stock  Split From Rs.10/- to Rs.5/-,27 Mar 2026,-,-,27 Mar 2026,27 Mar 2026,-
544519,EUROPRATIK,Euro Pratik Sales Ltd,27 Mar 2026,Interim Dividend - Rs. - 0.2000,27 Mar 2026,-,-,27 Mar 2026,27 Mar 2026,-
504036,HIRECT,Hind Rectifiers Ltd,27 Mar 2026,Bonus issue 1:1,27 Mar 2026,-,-,27 Mar 2026,27 Mar 2026,-
540530,HUDCO,Housing & Urban Development Corporation Ltd,27 Mar 2026,Interim Dividend - Rs. - 1.2500,28 Mar 2026,-,-,27 Mar 2026,27 Mar 2026,-
517334,MOTHERSON,Samvardhana Motherson International Ltd,27 Mar 2026,Interim Dividend - Rs. - 0.3500,27 Mar 2026,-,-,27 Mar 2026,27 Mar 2026,-
500295,VEDL,Vedanta Ltd,27 Mar 2026,Interim Dividend - Rs. - 11.0000,28 Mar 2026,-,-,27 Mar 2026,27 Mar 2026,-
514386,GUJCOTEX,Gujarat Cotex Ltd,30 Mar 2026,Right Issue of Equity Shares ,01 Apr 2026,-,-,01 Apr 2026,01 Apr 2026,-
532947,IRB,IRB Infrastructure Developers Ltd,30 Mar 2026,Bonus issue 1:1,01 Apr 2026,-,-,01 Apr 2026,01 Apr 2026,-
505978,TRITONV,Triton Valves Ltd,30 Mar 2026,Bonus issue 3:1,01 Apr 2026,-,-,01 Apr 2026,01 Apr 2026,-
532343,TVSMOTOR,TVS Motor Company Ltd,30 Mar 2026,Interim Dividend - Rs. - 12.0000,31 Mar 2026,-,-,27 Mar 2026,27 Mar 2026,-
540975,ASTERDM,Aster DM Healthcare Ltd,02 Apr 2026,Interim Dividend - Rs. - 3.0000,03 Apr 2026,-,-,02 Apr 2026,02 Apr 2026,-
531268,B2BSOFT,B2B Software Technologies Ltd,02 Apr 2026,Bonus issue 1:2,02 Apr 2026,-,-,02 Apr 2026,02 Apr 2026,-
500110,CHENNPETRO,Chennai Petroleum Corporation Ltd,02 Apr 2026,Interim Dividend - Rs. - 8.0000,02 Apr 2026,-,-,02 Apr 2026,02 Apr 2026,-
500092,CRISIL,Crisil Ltd,02 Apr 2026,Final Dividend - Rs. - 28.0000,03 Apr 2026,-,-,02 Apr 2026,02 Apr 2026,-
544026,IREDA,Indian Renewable Energy Development Agency Ltd,02 Apr 2026,Interim Dividend - Rs. - 0.6000,02 Apr 2026,-,-,02 Apr 2026,02 Apr 2026,-
538119,RNBDENIMS,R&B Denims Ltd,02 Apr 2026,Bonus issue 1:2,03 Apr 2026,-,-,02 Apr 2026,02 Apr 2026,-
538119,RNBDENIMS,R&B Denims Ltd,02 Apr 2026,Stock  Split From Rs.2/- to Rs.1/-,03 Apr 2026,-,-,02 Apr 2026,02 Apr 2026,-
544066,SUNCLAY,Sundaram-Clayton Ltd,02 Apr 2026,Interim Dividend - Rs. - 4.5000,03 Apr 2026,-,-,02 Apr 2026,02 Apr 2026,-
520056,TVSHLTD,TVS Holdings Ltd,02 Apr 2026,Interim Dividend - Rs. - 86.0000,02 Apr 2026,-,-,02 Apr 2026,02 Apr 2026,-
526521,SANGHIIND,Sanghi Industries Ltd,06 Apr 2026,Amalgamation ,06 Apr 2026,-,-,06 Apr 2026,06 Apr 2026,-
541358,UCIL,Unifinz Capital India Ltd,06 Apr 2026,Interim Dividend - Rs. - 0.5000,06 Apr 2026,-,-,06 Apr 2026,06 Apr 2026,-
544337,AVAX,Avax Apparels and Ornaments Ltd,07 Apr 2026,Bonus issue 3:1,07 Apr 2026,-,-,07 Apr 2026,07 Apr 2026,-
532015,GRAVITY,Gravity India Ltd,08 Apr 2026,Right Issue of Equity Shares ,08 Apr 2026,-,-,08 Apr 2026,08 Apr 2026,-
540180,VBL,Varun Beverages Ltd,08 Apr 2026,Final Dividend - Rs. - 0.5000,08 Apr 2026,-,-,08 Apr 2026,08 Apr 2026,-
505032,AUTOPRD,Automobile Products of India Ltd,09 Apr 2026,Right Issue of Equity Shares ,09 Apr 2026,-,-,09 Apr 2026,09 Apr 2026,-
544402,JASH,Jash Engineering Ltd,10 Apr 2026,Interim Dividend - Rs. - 0.6000,10 Apr 2026,-,-,10 Apr 2026,10 Apr 2026,-
530077,PURETROP,Puretrop Fruits  Ltd,10 Apr 2026,Buy Back of Shares ,10 Apr 2026,-,-,10 Apr 2026,10 Apr 2026,-
544456,RMDRIP,R M Drip and Sprinklers Systems Ltd,10 Apr 2026,Bonus issue 5:7,10 Apr 2026,-,-,10 Apr 2026,10 Apr 2026,-
542543,ENERGYINF,Energy Infrastructure Trust,16 Apr 2026,Income Distribution (InvIT) ,16 Apr 2026,-,-,16 Apr 2026,16 Apr 2026,-
524804,AUROPHARMA,Aurobindo Pharma Ltd,17 Apr 2026,Buy Back of Shares ,17 Apr 2026,-,-,17 Apr 2026,17 Apr 2026,-
502761,BLUBLND-B,Blue Blends (India) Ltd,17 Apr 2026,Resolution Plan -Suspension ,17 Apr 2026,-,-,17 Apr 2026,17 Apr 2026,-
533398,MUTHOOTFIN,Muthoot Finance Ltd,17 Apr 2026,Interim Dividend - Rs. - 30.0000,17 Apr 2026,-,-,17 Apr 2026,17 Apr 2026,-
538860,PANAFIC,Panafic Industrials Ltd,17 Apr 2026,Right Issue of Equity Shares ,17 Apr 2026,-,-,17 Apr 2026,17 Apr 2026,-
544448,PASHUPATI,Pashupati Cotspin Ltd,17 Apr 2026,Stock  Split From Rs.10/- to Rs.1/-,17 Apr 2026,-,-,17 Apr 2026,17 Apr 2026,-
530589,PRIMAPLA,Prima Plastics Ltd,17 Apr 2026,Spin Off ,17 Apr 2026,-,-,17 Apr 2026,17 Apr 2026,-
532756,CIEINDIA,CIE Automotive India Ltd,22 Apr 2026,Final Dividend - Rs. - 7.0000,22 Apr 2026,-,-,22 Apr 2026,22 Apr 2026,-
544295,PSPLATINA,Property Share Investment Trust - Propshare Platina,22 Apr 2026,Income Distribution (InvIT) ,22 Apr 2026,-,-,22 Apr 2026,22 Apr 2026,-
544462,PSTITANIA,Propshare Titania SM REIT - IPO (Second scheme of the Property Share Investment Trust),22 Apr 2026,Income Distribution REITs ,22 Apr 2026,-,-,22 Apr 2026,22 Apr 2026,-
500674,SANOFI,Sanofi India Ltd,22 Apr 2026,Final Dividend - Rs. - 48.0000,22 Apr 2026,-,-,22 Apr 2026,22 Apr 2026,-
500092,CRISIL,Crisil Ltd,23 Apr 2026,Interim Dividend - Rs. - 9.0000,23 Apr 2026,-,-,23 Apr 2026,23 Apr 2026,-
509820,HUHTAMAKI,Huhtamaki India Ltd,23 Apr 2026,Final Dividend - Rs. - 2.0000,23 Apr 2026,-,-,23 Apr 2026,23 Apr 2026,-
505790,SCHAEFFLER,Schaeffler India Ltd,23 Apr 2026,Final Dividend - Rs. - 35.0000,23 Apr 2026,-,-,23 Apr 2026,23 Apr 2026,-
544497,AHCL,Anlon Healthcare Ltd,24 Apr 2026,Bonus issue 1:1,24 Apr 2026,-,-,24 Apr 2026,24 Apr 2026,-
544497,AHCL,Anlon Healthcare Ltd,24 Apr 2026,Stock  Split From Rs.10/- to Rs.2/-,24 Apr 2026,-,-,24 Apr 2026,24 Apr 2026,-
532281,HCLTECH,HCL Technologies Ltd,24 Apr 2026,Interim Dividend - Rs. - 24.0000,25 Apr 2026,-,-,24 Apr 2026,24 Apr 2026,-
534535,META,String Metaverse Ltd,24 Apr 2026,Stock  Split From Rs.10/- to Rs.1/-,24 Apr 2026,-,-,24 Apr 2026,24 Apr 2026,-
533080,MOLDTKPAC,Mold-Tek Packaging Ltd,24 Apr 2026,Interim Dividend - Rs. - 2.0000,24 Apr 2026,-,-,24 Apr 2026,24 Apr 2026,-
500368,PATANJALI,Patanjali Foods Ltd,24 Apr 2026,Interim Dividend - Rs. - 1.7500,25 Apr 2026,-,-,24 Apr 2026,24 Apr 2026,-
512026,VEGA,Vega Jewellers Ltd,24 Apr 2026,Bonus issue 4:1,24 Apr 2026,-,-,24 Apr 2026,24 Apr 2026,-
543329,WINDLAS,Windlas Biotech Ltd,24 Apr 2026,Buy Back of Shares ,24 Apr 2026,-,-,24 Apr 2026,24 Apr 2026,-
542772,360ONE,360 ONE WAM LTD,27 Apr 2026,Interim Dividend - Rs. - 6.0000,27 Apr 2026,-,-,27 Apr 2026,27 Apr 2026,-
530889,AUDROC,Audroc Ltd,27 Apr 2026,Final Dividend - Rs. - 0.0400,27 Apr 2026,-,-,27 Apr 2026,27 Apr 2026,-
508963,TRUSTWAVE,Trustwave Securities Ltd,27 Apr 2026,Reduction of Capital ,27 Apr 2026,-,-,27 Apr 2026,27 Apr 2026,-
526445,INDRANIB,Indrayani Biotech Ltd,28 Apr 2026,Right Issue of Equity Shares ,28 Apr 2026,-,-,28 Apr 2026,28 Apr 2026,-
533315,INOVSYNTH,Innovassynth Technologies (India) Ltd,29 Apr 2026,Right Issue of Equity Shares ,29 Apr 2026,-,-,29 Apr 2026,29 Apr 2026,-
533317,OMKARCHEM,Omkar Speciality Chemicals Ltd,29 Apr 2026,Resolution Plan -Suspension ,29 Apr 2026,-,-,29 Apr 2026,29 Apr 2026,-
526841,SHAKTIPR,Shakti Press Ltd,29 Apr 2026,Right Issue of Equity Shares ,29 Apr 2026,-,-,29 Apr 2026,29 Apr 2026,-
500002,ABB,ABB India Ltd,30 Apr 2026,Final Dividend - Rs. - 29.5900,02 May 2026,-,-,30 Apr 2026,30 Apr 2026,-
542602,EMBASSY,Embassy Office Parks REIT,30 Apr 2026,Income Distribution REITs ,30 Apr 2026,-,-,30 Apr 2026,30 Apr 2026,-
500188,HINDZINC,Hindustan Zinc Ltd,30 Apr 2026,Interim Dividend - Rs. - 11.0000,30 Apr 2026,-,-,30 Apr 2026,30 Apr 2026,-
541300,INTERISE,INTERISE TRUST,30 Apr 2026,Income Distribution (InvIT) ,01 May 2026,-,-,30 Apr 2026,30 Apr 2026,-
532435,SANINFRA,Sanmit Infra Ltd,30 Apr 2026,Consolidation of Shares ,30 Apr 2026,-,-,30 Apr 2026,30 Apr 2026,-
504959,STOVACQ,Stovec Industries Ltd,30 Apr 2026,Dividend - Rs. - 12.0000,30 Apr 2026,-,-,30 Apr 2026,30 Apr 2026,-
532790,TANLA,Tanla Platforms Ltd,30 Apr 2026,Interim Dividend - Rs. - 6.0000,30 Apr 2026,-,-,30 Apr 2026,30 Apr 2026,-
539040,TIRUPATIIN,Tirupati Innovar Ltd,30 Apr 2026,Right Issue of Equity Shares ,30 Apr 2026,-,-,30 Apr 2026,30 Apr 2026,-
540180,VBL,Varun Beverages Ltd,30 Apr 2026,Interim Dividend - Rs. - 0.5000,01 May 2026,-,-,30 Apr 2026,30 Apr 2026,-
500295,VEDL,Vedanta Ltd,30 Apr 2026,Spin Off ,01 May 2026,-,-,30 Apr 2026,30 Apr 2026,-
520113,VESUVIUS,Vesuvius India Ltd,30 Apr 2026,Final Dividend - Rs. - 1.5000,30 Apr 2026,-,-,30 Apr 2026,30 Apr 2026,-
507789,JAGSNPHARM,Jagsonpal Pharmaceuticals Ltd,04 May 2026,Buy Back of Shares ,04 May 2026,-,-,04 May 2026,04 May 2026,-
532505,UCOBANK,UCO Bank,04 May 2026,Final Dividend - Rs. - 0.4400,04 May 2026,-,-,04 May 2026,04 May 2026,-
543512,AVROIND,Avro India Ltd,05 May 2026,Stock  Split From Rs.10/- to Rs.1/-,05 May 2026,-,-,05 May 2026,05 May 2026,-
500123,ELANTAS,Elantas Beck India Ltd,05 May 2026,Dividend - Rs. - 7.5000,05 May 2026,-,-,05 May 2026,05 May 2026,-
544362,HEXT ,Hexaware Technologies Ltd,05 May 2026,Interim Dividend - Rs. - 8.5000,05 May 2026,-,-,05 May 2026,05 May 2026,-
544137,INDUSINVIT,Indus Infra Trust,05 May 2026,Income Distribution (InvIT) ,05 May 2026,-,-,05 May 2026,05 May 2026,-
543217,MINDSPACE,Mindspace Business Parks REIT,05 May 2026,Income Distribution REITs ,05 May 2026,-,-,05 May 2026,05 May 2026,-
530175,ODYSSEY,Odyssey Technologies Ltd,06 May 2026,Final Dividend - Rs. - 1.0000,06 May 2026,-,-,06 May 2026,06 May 2026,-
512008,EFCIL,EFC (I) Ltd,07 May 2026,Right Issue of Equity Shares ,07 May 2026,-,-,07 May 2026,07 May 2026,-
532466,OFSS,Oracle Financial Services Software Ltd,07 May 2026,Interim Dividend - Rs. - 270.0000,07 May 2026,-,-,07 May 2026,07 May 2026,-
530889,AUDROC,Audroc Ltd,08 May 2026,Bonus issue 6:1,08 May 2026,-,-,08 May 2026,08 May 2026,-
532885,CENTRALBK,Central Bank of India,08 May 2026,Interim Dividend - Rs. - 0.6000,08 May 2026,-,-,08 May 2026,08 May 2026,-
500249,KSB,KSB Ltd,08 May 2026,Final Dividend - Rs. - 4.4000,08 May 2026,-,-,08 May 2026,08 May 2026,-
540222,LAURUSLABS,Laurus Labs Ltd,08 May 2026,Interim Dividend - Rs. - 1.2000,08 May 2026,-,-,08 May 2026,08 May 2026,-
532234,NATIONALUM,National Aluminium Company Ltd,08 May 2026,Interim Dividend - Rs. - 2.0000,08 May 2026,-,-,08 May 2026,08 May 2026,-
520021,OMAXAUTO,Omax Autos Ltd,08 May 2026,Interim Dividend - Rs. - 2.5000,08 May 2026,-,-,08 May 2026,08 May 2026,-
544238,PREMIERENE,Premier Energies Ltd,08 May 2026,Interim Dividend - Rs. - 0.7500,09 May 2026,-,-,08 May 2026,08 May 2026,-
539978,QUESS,Quess Corp Ltd,08 May 2026,Special Dividend - Rs. - 3.0000,08 May 2026,-,-,08 May 2026,08 May 2026,-
532527,RKFORGE,Ramkrishna Forgings Ltd,08 May 2026,Interim Dividend - Rs. - 1.0000,08 May 2026,-,-,08 May 2026,08 May 2026,-
505827,SNL,SNL Bearings Ltd,08 May 2026,Interim Dividend - Rs. - 15.0000,08 May 2026,-,-,08 May 2026,08 May 2026,-
531548,SOMANYCERA,Somany Ceramics Ltd,08 May 2026,Interim Dividend - Rs. - 4.0000,08 May 2026,-,-,08 May 2026,08 May 2026,-
500403,SUNDRMFAST,Sundram Fasteners Ltd,08 May 2026,Interim Dividend - Rs. - 4.2500,08 May 2026,-,-,08 May 2026,08 May 2026,-
531213,MANAPPURAM,Manappuram Finance Ltd,11 May 2026,Interim Dividend - Rs. - 0.5000,11 May 2026,-,-,11 May 2026,11 May 2026,-
517230,PAEL,PAE Ltd,11 May 2026,Final Dividend - Rs. - 0.2000,11 May 2026,-,-,11 May 2026,11 May 2026,-
544529,APPL,Aptus Pharma Ltd,12 May 2026,Bonus issue 3:2,12 May 2026,-,-,12 May 2026,12 May 2026,-
532424,GODREJCP,Godrej Consumer Products Ltd,12 May 2026,Interim Dividend - Rs. - 5.0000,12 May 2026,-,-,12 May 2026,12 May 2026,-
532702,GSPL,Gujarat State Petronet Ltd,12 May 2026,Amalgamation ,12 May 2026,-,-,12 May 2026,12 May 2026,-
530367,NRBBEARING,NRB Bearings Ltd,13 May 2026,Interim Dividend - Rs. - 2.2500,13 May 2026,-,-,13 May 2026,13 May 2026,-
543261,BIRET ,Brookfield India Real Estate Trust REIT,14 May 2026,Income Distribution REITs ,14 May 2026,-,-,14 May 2026,14 May 2026,-
532732,KKCL,Kewal Kiran Clothing Ltd,14 May 2026,Interim Dividend - Rs. - 2.0000,14 May 2026,-,-,14 May 2026,14 May 2026,-
533273,OBEROIRLTY,Oberoi Realty Ltd,14 May 2026,Interim Dividend - Rs. - 2.0000,14 May 2026,-,-,14 May 2026,14 May 2026,-
543415,ANANDRATHI,Anand Rathi Wealth Ltd,15 May 2026,Final Dividend - Rs. - 7.0000,15 May 2026,-,-,15 May 2026,15 May 2026,-
543335,APTUS,Aptus Value Housing Finance India Ltd,15 May 2026,Interim Dividend - Rs. - 2.5000,15 May 2026,-,-,15 May 2026,15 May 2026,-
531752,BIOGEN,Biogen Pharmachem Industries Ltd,15 May 2026,Bonus issue 1:6,15 May 2026,-,-,15 May 2026,15 May 2026,-
534758,CIGNITITEC,Cigniti Technologies Ltd,15 May 2026,Amalgamation ,16 May 2026,-,-,15 May 2026,15 May 2026,-
543848,DEVLAB,Dev Labtech Venture Ltd,15 May 2026,Bonus issue 1:1,15 May 2026,-,-,15 May 2026,15 May 2026,-
543848,DEVLAB,Dev Labtech Venture Ltd,15 May 2026,Stock  Split From Rs.10/- to Rs.5/-,15 May 2026,-,-,15 May 2026,15 May 2026,-
544140,GOPAL,Gopal Snacks Ltd,15 May 2026,Interim Dividend - Rs. - 0.4000,16 May 2026,-,-,15 May 2026,15 May 2026,-
537839,HBGHOTELS,HBG Hotels Ltd,15 May 2026,Interim Dividend - Rs. - 0.1500,15 May 2026,-,-,15 May 2026,15 May 2026,-
540750,IEX,Indian Energy Exchange Ltd,15 May 2026,Final Dividend - Rs. - 2.0000,15 May 2026,-,-,15 May 2026,15 May 2026,-
505890,KENNAMET,Kennametal India Ltd,15 May 2026,Interim Dividend - Rs. - 40.0000,15 May 2026,-,-,15 May 2026,15 May 2026,-
544481,KRT,Knowledge Realty Trust,15 May 2026,Income Distribution REITs ,16 May 2026,-,-,15 May 2026,15 May 2026,-
543385,NHIT,National Highways Infra Trust,15 May 2026,Income Distribution (InvIT) ,16 May 2026,-,-,15 May 2026,15 May 2026,-
543988,NUVAMA,Nuvama Wealth Management Ltd,15 May 2026,Interim Dividend - Rs. - 14.0000,15 May 2026,-,-,15 May 2026,15 May 2026,-
543913,NXST,Nexus Select Trust,15 May 2026,Income Distribution REITs ,15 May 2026,-,-,15 May 2026,15 May 2026,-
513119,ONIXSOLAR,Onix Solar Energy Ltd,15 May 2026,Right Issue of Equity Shares ,15 May 2026,-,-,15 May 2026,15 May 2026,-
526885,SARLAPOLY,Sarla Performance Fibers Ltd,15 May 2026,Buy Back of Shares ,15 May 2026,-,-,15 May 2026,15 May 2026,-
500112,SBIN,State Bank of India,15 May 2026,Final Dividend - Rs. - 17.3500,16 May 2026,-,-,15 May 2026,15 May 2026,-
500399,STEELCO,Steelco Gujarat Ltd,15 May 2026,Right Issue of Equity Shares ,15 May 2026,-,-,15 May 2026,15 May 2026,-
517536,ONWARDTEC,Onward Technologies Ltd,18 May 2026,Buy Back of Shares ,18 May 2026,-,-,18 May 2026,18 May 2026,-
533169, MANINFRA,Man Infraconstruction Ltd,19 May 2026,Interim Dividend - Rs. - 0.7200,19 May 2026,-,-,19 May 2026,19 May 2026,-
531147,ALICON,Alicon Castalloy Ltd,19 May 2026,Interim Dividend - Rs. - 2.0000,19 May 2026,-,-,19 May 2026,19 May 2026,-
538713,ATISHAY,Atishay Ltd,19 May 2026,Final Dividend - Rs. - 1.0000,19 May 2026,-,-,19 May 2026,19 May 2026,-
540565,INDIGRID,IndiGrid Infrastructure Trust,19 May 2026,Income Distribution (InvIT) ,19 May 2026,-,-,19 May 2026,19 May 2026,-
542650,METROPOLIS,Metropolis Healthcare Ltd,19 May 2026,Interim Dividend - Rs. - 1.0000,19 May 2026,-,-,19 May 2026,19 May 2026,-
531327,CHARMS,Charms Industries Ltd,20 May 2026,Reduction of Capital ,20 May 2026,-,-,20 May 2026,20 May 2026,-
535958,ESSENTIA,Integra Essentia Ltd,20 May 2026,Right Issue of Equity Shares ,20 May 2026,-,-,20 May 2026,20 May 2026,-
509557,GARFIBRES,Garware Technical Fibres Ltd,20 May 2026,Buy Back of Shares ,20 May 2026,-,-,20 May 2026,20 May 2026,-
500620,GESHIP,Great Eastern Shipping Company Ltd,20 May 2026,Interim Dividend - Rs. - 11.7000,20 May 2026,-,-,20 May 2026,20 May 2026,-
540526,IRBINVIT,IRB InvIT Fund,20 May 2026,Income Distribution (InvIT) ,20 May 2026,-,-,20 May 2026,20 May 2026,-
543290,PGINVIT,POWERGRID Infrastructure Investment Trust,20 May 2026,Income Distribution (InvIT) ,20 May 2026,-,-,20 May 2026,20 May 2026,-
543910,AVG,AVG Logistics Ltd,21 May 2026,Right Issue of Equity Shares ,21 May 2026,-,-,21 May 2026,21 May 2026,-
507488,GMBREW,GM Breweries Ltd,21 May 2026,Final Dividend - Rs. - 9.0000,21 May 2026,-,-,21 May 2026,21 May 2026,-
544325,ITCHOTELS,ITC Hotels Ltd,21 May 2026,Final Dividend - Rs. - 1.0000,21 May 2026,-,-,21 May 2026,21 May 2026,-
532808,PGIL,Pearl Global Industries Ltd,21 May 2026,Interim Dividend - Rs. - 8.5000,21 May 2026,-,-,21 May 2026,21 May 2026,-
544579,ANANTAM,Anantam Highways Trust,22 May 2026,Income Distribution (InvIT) ,22 May 2026,-,-,22 May 2026,22 May 2026,-
544338,CAPINVIT,Capital Infra Trus,22 May 2026,Income Distribution (InvIT) ,22 May 2026,-,-,22 May 2026,22 May 2026,-
543441,CMSINFO,CMS Info Systems Ltd,22 May 2026,Buy Back of Shares ,22 May 2026,-,-,22 May 2026,22 May 2026,-
540613,GEL,Gautam Exim Ltd,22 May 2026,Stock  Split From Rs.10/- to Rs.5/-,22 May 2026,-,-,22 May 2026,22 May 2026,-
513059,GSAUTO,GS Auto International Ltd,22 May 2026,Right Issue of Equity Shares ,22 May 2026,-,-,22 May 2026,22 May 2026,-
517354,HAVELLS,Havells India Ltd,22 May 2026,Final Dividend - Rs. - 6.0000,24 May 2026,-,-,22 May 2026,22 May 2026,-
500184,HSCL,Himadri Speciality Chemical Ltd,22 May 2026,Final Dividend - Rs. - 0.8000,22 May 2026,-,-,22 May 2026,22 May 2026,-
500378,JINDALSAW,Jindal Saw Ltd,22 May 2026,Final Dividend - Rs. - 2.0000,22 May 2026,-,-,22 May 2026,22 May 2026,-
543980,JLHL,Jupiter Life Line Hospitals Ltd,22 May 2026,Interim Dividend - Rs. - 1.0000,22 May 2026,-,-,22 May 2026,22 May 2026,-
500510,LT,Larsen & Toubro Ltd,22 May 2026,Final Dividend - Rs. - 38.0000,22 May 2026,-,-,22 May 2026,22 May 2026,-
533519,LTF,L&T Finance Ltd,22 May 2026,Final Dividend - Rs. - 2.7500,22 May 2026,-,-,22 May 2026,22 May 2026,-
540115,LTTS,L&T Technology Services Ltd,22 May 2026,Final Dividend - Rs. - 40.0000,22 May 2026,-,-,22 May 2026,22 May 2026,-
590078,MAITHANALL,Maithan Alloys Ltd,22 May 2026,Interim Dividend - Rs. - 11.0000,22 May 2026,-,-,22 May 2026,22 May 2026,-
526721,NICCOPAR,Nicco Parks & Resorts Ltd,22 May 2026,Final Dividend - Rs. - 0.2500,22 May 2026,-,-,22 May 2026,22 May 2026,-
543711,SULA,Sula Vineyards Ltd,22 May 2026,Final Dividend - Rs. - 2.0000,22 May 2026,-,-,22 May 2026,22 May 2026,-
521064,TRIDENT,Trident Ltd,22 May 2026,Interim Dividend - Rs. - 0.5000,23 May 2026,-,-,22 May 2026,22 May 2026,-
524129,VINYLINDIA,Vinyl Chemicals (India) Ltd,22 May 2026,Final Dividend - Rs. - 7.0000,22 May 2026,-,-,22 May 2026,22 May 2026,-
514162,WELSPUNLIV,Welspun Living Ltd,22 May 2026,Buy Back of Shares ,22 May 2026,-,-,22 May 2026,22 May 2026,-
544610,WORKMATES,Workmates Core2Cloud Solution Ltd,22 May 2026,Interim Dividend - Rs. - 2.0000,22 May 2026,-,-,22 May 2026,22 May 2026,-
540005,LTM,LTM Ltd,25 May 2026,Final Dividend - Rs. - 53.0000,25 May 2026,-,-,25 May 2026,25 May 2026,-
517230,PAEL,PAE Ltd,25 May 2026,Bonus issue 6:1,25 May 2026,-,-,25 May 2026,25 May 2026,-
503811,SIYSIL,Siyaram Silk Mills Ltd,25 May 2026,Special Dividend - Rs. - 4.0000,25 May 2026,-,-,25 May 2026,25 May 2026,-
500800,TATACONSUM,Tata Consumer Products Ltd,25 May 2026,Dividend - Rs. - 10.0000,25 May 2026,-,-,25 May 2026,25 May 2026,-
532540,TCS,Tata Consultancy Services Ltd,25 May 2026,Final Dividend - Rs. - 31.0000,25 May 2026,-,-,25 May 2026,25 May 2026,-
500119,DHAMPURSUG,Dhampur Sugar Mills Ltd,26 May 2026,Interim Dividend - Rs. - 2.0000,26 May 2026,-,-,26 May 2026,26 May 2026,-
539552,FMEC,F Mec International Financial Services Ltd,26 May 2026,Bonus issue 1:10,26 May 2026,-,-,26 May 2026,26 May 2026,-
539552,FMEC,F Mec International Financial Services Ltd,26 May 2026,Stock  Split From Rs.10/- to Rs.2/-,26 May 2026,-,-,26 May 2026,26 May 2026,-
533761,GPTINFRA,GPT Infraprojects Ltd,26 May 2026,Interim Dividend - Rs. - 1.0000,26 May 2026,-,-,26 May 2026,26 May 2026,-
531531,HATSUN,Hatsun Agro Product Ltd,26 May 2026,Interim Dividend - Rs. - 10.0000,26 May 2026,-,-,26 May 2026,26 May 2026,-
519463,IBINFO,IB Infotech Enterprises Ltd,26 May 2026,Stock  Split From Rs.10/- to Rs.1/-,26 May 2026,-,-,26 May 2026,26 May 2026,-
532947,IRB,IRB Infrastructure Developers Ltd,26 May 2026,Interim Dividend - Rs. - 0.0500,26 May 2026,-,-,26 May 2026,26 May 2026,-
543655,ANZEN,Anzen India Energy Yield Plus Trust,27 May 2026,Income Distribution (InvIT) ,27 May 2026,-,-,27 May 2026,27 May 2026,-
532475,APTECHT,Aptech Ltd,27 May 2026,Interim Dividend - Rs. - 4.5000,28 May 2026,-,-,27 May 2026,27 May 2026,-
543233,CHEMCON,Chemcon Speciality Chemicals Ltd,27 May 2026,Interim Dividend - Rs. - 6.5000,28 May 2026,-,-,27 May 2026,27 May 2026,-
543899,CUBEINVIT,Cube Highways Trust,27 May 2026,Income Distribution (InvIT) ,27 May 2026,-,-,27 May 2026,27 May 2026,-
500875,ITC,ITC Ltd,27 May 2026,Final Dividend - Rs. - 8.0000,27 May 2026,-,-,27 May 2026,27 May 2026,-
543925,MIT,Maple Infrastructure Trust,27 May 2026,Income Distribution (InvIT) ,27 May 2026,-,-,27 May 2026,27 May 2026,-
532827,PAGEIND,Page Industries Ltd,27 May 2026,Interim Dividend - Rs. - 150.0000,27 May 2026,-,-,27 May 2026,27 May 2026,-
533275,SHAH,Shah Metacorp Ltd,27 May 2026,Right Issue of Equity Shares ,27 May 2026,-,-,27 May 2026,27 May 2026,-
523269,ADVANIHOTR,Advani Hotels & Resorts (India) Ltd,29 May 2026,Interim Dividend - Rs. - 0.8000,29 May 2026,-,-,29 May 2026,29 May 2026,-
532977,BAJAJ-AUTO,Bajaj Auto Ltd,29 May 2026,Final Dividend - Rs. - 150.0000,29 May 2026,-,-,29 May 2026,29 May 2026,-
532149,BANKINDIA,Bank of India,29 May 2026,Dividend - Rs. - 4.6500,29 May 2026,-,-,29 May 2026,29 May 2026,-
542057,BCPL,BCPL Railway Infrastructure Ltd,29 May 2026,Final Dividend - Rs. - 1.0000,29 May 2026,-,-,29 May 2026,29 May 2026,-
524742,CAPLIPOINT,Caplin Point Laboratories Ltd,29 May 2026,Interim Dividend - Rs. - 4.0000,30 May 2026,-,-,29 May 2026,29 May 2026,-
532173,CYBERTECH,CyberTech Systems and Software Ltd,29 May 2026,Buy Back of Shares ,29 May 2026,-,-,29 May 2026,29 May 2026,-
507717,DHANUKA,Dhanuka Agritech Ltd,29 May 2026,Buy Back of Shares ,29 May 2026,-,-,29 May 2026,29 May 2026,-
540596,ERIS,Eris Lifesciences Ltd,29 May 2026,Interim Dividend - Rs. - 7.2100,29 May 2026,-,-,29 May 2026,29 May 2026,-
500660,GLAXO,GlaxoSmithKline Pharmaceuticals Ltd,29 May 2026,Final Dividend - Rs. - 57.0000,29 May 2026,-,-,29 May 2026,29 May 2026,-
543259,HOMEFIRST,Home First Finance Company India Ltd,29 May 2026,Final Dividend - Rs. - 5.2000,29 May 2026,-,-,29 May 2026,29 May 2026,-
540716,ICICIGI,ICICI Lombard General Insurance Company Ltd,29 May 2026,Final Dividend - Rs. - 7.0000,29 May 2026,-,-,29 May 2026,29 May 2026,-
506943,JBCHEPHARM,JB Chemicals & Pharmaceuticals Ltd,29 May 2026,Final Dividend - Rs. - 9.3000,29 May 2026,-,-,29 May 2026,29 May 2026,-
543526,LICI,Life Insurance Corporation of India,29 May 2026,Bonus issue 1:1,29 May 2026,-,-,29 May 2026,29 May 2026,-
544374,ROADSTAR,Roadstar Infra Investment Trust,29 May 2026,Income Distribution REITs ,30 May 2026,-,-,29 May 2026,29 May 2026,-
540497,SCHAND,S Chand and Company Ltd,29 May 2026,Interim Dividend - Rs. - 4.0000,29 May 2026,-,-,29 May 2026,29 May 2026,-
500420,TORNTPHARM,Torrent Pharmaceuticals Ltd,29 May 2026,Final Dividend - Rs. - 9.0000,29 May 2026,-,-,29 May 2026,29 May 2026,-
532539,UNOMINDA,UNO Minda Ltd,29 May 2026,Final Dividend - Rs. - 1.7500,29 May 2026,-,-,29 May 2026,29 May 2026,-
532321,ZYDUSLIFE,Zydus Lifesciences Ltd,29 May 2026,Buy Back of Shares ,29 May 2026,-,-,29 May 2026,29 May 2026,-
500830,COLPAL,Colgate Palmolive (India) Ltd,01 Jun 2026,Interim Dividend - Rs. - 24.0000,01 Jun 2026,-,-,01 Jun 2026,01 Jun 2026,-
543332,EPIGRAL,Epigral Ltd,01 Jun 2026,Final Dividend - Rs. - 5.0000,01 Jun 2026,-,-,01 Jun 2026,01 Jun 2026,-
543225,ALTIUSINVIT,Altius Telecom Infrastructure Trust,02 Jun 2026,Income Distribution (InvIT) ,02 Jun 2026,-,-,02 Jun 2026,02 Jun 2026,-
505075,SETCO,Setco Automotive Ltd,02 Jun 2026,Interim Dividend - Rs. - 13.0000,02 Jun 2026,-,-,02 Jun 2026,02 Jun 2026,-
543415,ANANDRATHI,Anand Rathi Wealth Ltd,03 Jun 2026,Bonus issue 1:1,03 Jun 2026,-,-,03 Jun 2026,03 Jun 2026,-
500477,ASHOKLEY,Ashok Leyland Ltd,03 Jun 2026,Interim Dividend - Rs. - 2.5000,03 Jun 2026,-,-,03 Jun 2026,03 Jun 2026,-
500150,FOSECOIND,Foseco India Ltd,03 Jun 2026,Final Dividend - Rs. - 25.0000,03 Jun 2026,-,-,03 Jun 2026,03 Jun 2026,-
544453,MSECL,Monarch Surveyors and Engineering Consultants Ltd,03 Jun 2026,Final Dividend - Rs. - 1.6000,03 Jun 2026,-,-,03 Jun 2026,03 Jun 2026,-
508989,NAVNETEDUL,Navneet Education Ltd,03 Jun 2026,Interim Dividend - Rs. - 1.5000,03 Jun 2026,-,-,03 Jun 2026,03 Jun 2026,-
530919,REMSONSIND,Remsons Industries Ltd,03 Jun 2026,Interim Dividend - Rs. - 0.2000,03 Jun 2026,-,-,03 Jun 2026,03 Jun 2026,-
532879,SSLEL,Sir Shadi Lal Enterprises Ltd,03 Jun 2026,Amalgamation ,03 Jun 2026,-,-,03 Jun 2026,03 Jun 2026,-
500355,RALLIS,Rallis India Ltd,04 Jun 2026,Final Dividend - Rs. - 3.0000,04 Jun 2026,-,-,04 Jun 2026,04 Jun 2026,-
532804,TIIL,Technocraft Industries (India) Ltd,04 Jun 2026,Interim Dividend - Rs. - 20.0000,04 Jun 2026,-,-,04 Jun 2026,04 Jun 2026,-
500251,TRENT,Trent Ltd,04 Jun 2026,Bonus issue 1:2,04 Jun 2026,-,-,04 Jun 2026,04 Jun 2026,-
543657,ACI,Archean Chemical Industries Ltd,05 Jun 2026,Final Dividend - Rs. - 2.5000,05 Jun 2026,-,-,05 Jun 2026,05 Jun 2026,-
532134,BANKBARODA,Bank of Baroda,05 Jun 2026,Dividend - Rs. - 8.5000,05 Jun 2026,-,-,05 Jun 2026,05 Jun 2026,-
500048,BEML,BEML Ltd,05 Jun 2026,Interim Dividend - Rs. - 2.3000,05 Jun 2026,-,-,05 Jun 2026,05 Jun 2026,-
500087,CIPLA,Cipla Ltd,05 Jun 2026,Final Dividend - Rs. - 13.0000,05 Jun 2026,-,-,05 Jun 2026,05 Jun 2026,-
541729,HDFCAMC,HDFC Asset Management Company Ltd,05 Jun 2026,Final Dividend - Rs. - 54.0000,05 Jun 2026,-,-,05 Jun 2026,05 Jun 2026,-
540133,ICICIPRULI,ICICI Prudential Life Insurance Company Ltd,05 Jun 2026,Final Dividend - Rs. - 1.6500,05 Jun 2026,-,-,05 Jun 2026,05 Jun 2026,-
532705,JAGRAN,Jagran Prakashan Ltd,05 Jun 2026,Interim Dividend - Rs. - 7.0000,05 Jun 2026,-,-,05 Jun 2026,05 Jun 2026,-
532705,JAGRAN,Jagran Prakashan Ltd,05 Jun 2026,Special Dividend - Rs. - 3.0000,05 Jun 2026,-,-,05 Jun 2026,05 Jun 2026,-
533148,JSWENERGY,JSW Energy Ltd,05 Jun 2026,Dividend - Rs. - 2.0000,05 Jun 2026,-,-,05 Jun 2026,05 Jun 2026,-
532525,MAHABANK,Bank of Maharashtra,05 Jun 2026,Final Dividend - Rs. - 1.2000,05 Jun 2026,-,-,05 Jun 2026,05 Jun 2026,-
514238,MKVENTURES,Mkventures Capital Ltd,05 Jun 2026,Interim Dividend - Rs. - 0.2500,05 Jun 2026,-,-,05 Jun 2026,05 Jun 2026,-
532460,PONNIERODE,Ponni Sugars (Erode) Ltd,05 Jun 2026,Final Dividend - Rs. - 5.0000,05 Jun 2026,-,-,05 Jun 2026,05 Jun 2026,-
538646,QGO,QGO Finance Ltd,05 Jun 2026,Interim Dividend - Rs. - 0.1500,05 Jun 2026,-,-,05 Jun 2026,05 Jun 2026,-
500325,RELIANCE,Reliance Industries Ltd,05 Jun 2026,Final Dividend - Rs. - 6.0000,05 Jun 2026,-,-,05 Jun 2026,05 Jun 2026,-
507685,WIPRO,Wipro Ltd,05 Jun 2026,Buy Back of Shares ,05 Jun 2026,-,-,05 Jun 2026,05 Jun 2026,-
539091,CCDL,Consecutive Commodities Ltd,08 Jun 2026,Right Issue of Equity Shares ,08 Jun 2026,-,-,08 Jun 2026,08 Jun 2026,-
504341,RELTD,Ravindra Energy Ltd,08 Jun 2026,Right Issue of Equity Shares ,08 Jun 2026,-,-,08 Jun 2026,08 Jun 2026,-
544406,UNIFIED,Unified Data Tech Solutions Ltd,08 Jun 2026,Interim Dividend - Rs. - 5.5000,08 Jun 2026,-,-,08 Jun 2026,08 Jun 2026,-
544046,INOXINDIA,INOX India Ltd,09 Jun 2026,Final Dividend - Rs. - 2.0000,09 Jun 2026,-,-,09 Jun 2026,09 Jun 2026,-
504112,NELCO,Nelco Ltd,09 Jun 2026,Final Dividend - Rs. - 1.0000,09 Jun 2026,-,-,09 Jun 2026,09 Jun 2026,-
526586,WIMPLAST,Wim Plast Ltd,09 Jun 2026,Amalgamation ,09 Jun 2026,-,-,09 Jun 2026,09 Jun 2026,-
540613,GEL,Gautam Exim Ltd,10 Jun 2026,Bonus issue 3:1,10 Jun 2026,-,-,10 Jun 2026,10 Jun 2026,-
532814,INDIANB,Indian Bank,10 Jun 2026,Final Dividend - Rs. - 18.2500,10 Jun 2026,-,-,10 Jun 2026,10 Jun 2026,-
500209,INFY,Infosys Ltd,10 Jun 2026,Final Dividend - Rs. - 25.0000,10 Jun 2026,-,-,10 Jun 2026,10 Jun 2026,-
502450,SESHAPAPER,Seshasayee Paper and Boards Ltd,10 Jun 2026,Final Dividend - Rs. - 2.0000,10 Jun 2026,-,-,10 Jun 2026,10 Jun 2026,-
500770,TATACHEM,Tata Chemicals Ltd,10 Jun 2026,Final Dividend - Rs. - 11.0000,10 Jun 2026,-,-,10 Jun 2026,10 Jun 2026,-
500408,TATAELXSI,Tata Elxsi Ltd,10 Jun 2026,Final Dividend - Rs. - 75.0000,10 Jun 2026,-,-,10 Jun 2026,10 Jun 2026,-
501301,TATAINVEST,Tata Investment Corporation Ltd,10 Jun 2026,Final Dividend - Rs. - 3.4000,10 Jun 2026,-,-,10 Jun 2026,10 Jun 2026,-
530845,SUNSHIEL,Sunshield Chemicals Ltd,11 Jun 2026,Final Dividend - Rs. - 3.0000,11 Jun 2026,-,-,11 Jun 2026,11 Jun 2026,-
500410,ACC,ACC Ltd,12 Jun 2026,Final Dividend - Rs. - 7.5000,12 Jun 2026,-,-,12 Jun 2026,12 Jun 2026,-
512599,ADANIENT,Adani Enterprises Ltd,12 Jun 2026,Final Dividend - Rs. - 1.3000,12 Jun 2026,-,-,12 Jun 2026,12 Jun 2026,-
532921,ADANIPORTS,Adani Ports and Special Economic Zone Ltd,12 Jun 2026,Final Dividend - Rs. - 7.5000,12 Jun 2026,-,-,12 Jun 2026,12 Jun 2026,-
500425,AMBUJACEM,Ambuja Cements Ltd,12 Jun 2026,Final Dividend - Rs. - 2.0000,12 Jun 2026,-,-,12 Jun 2026,12 Jun 2026,-
523694,APCOTEXIND,Apcotex Industries Ltd,12 Jun 2026,Final Dividend - Rs. - 5.5000,12 Jun 2026,-,-,12 Jun 2026,12 Jun 2026,-
542066,ATGL,Adani Total Gas Ltd,12 Jun 2026,Dividend - Rs. - 0.2500,12 Jun 2026,-,-,12 Jun 2026,12 Jun 2026,-
532406,AVANTEL,Avantel Ltd,12 Jun 2026,Final Dividend - Rs. - 0.2000,12 Jun 2026,-,-,12 Jun 2026,12 Jun 2026,-
532483,CANBK,Canara Bank,12 Jun 2026,Final Dividend - Rs. - 4.2000,12 Jun 2026,-,-,12 Jun 2026,12 Jun 2026,-
509496,CEMPRO,Cemindia Projects Ltd,12 Jun 2026,Final Dividend - Rs. - 3.0000,12 Jun 2026,-,-,12 Jun 2026,12 Jun 2026,-
532210,CUB,City Union Bank Ltd,12 Jun 2026,Bonus issue 1:3,12 Jun 2026,-,-,12 Jun 2026,12 Jun 2026,-
532772,DCBBANK,DCB Bank Ltd,12 Jun 2026,Final Dividend - Rs. - 1.4500,12 Jun 2026,-,-,12 Jun 2026,12 Jun 2026,-
523708,EIMCOELECO,Eimco Elecon (India) Ltd,12 Jun 2026,Final Dividend - Rs. - 4.0000,12 Jun 2026,-,-,12 Jun 2026,12 Jun 2026,-
505700,ELECON,Elecon Engineering Company Ltd,12 Jun 2026,Final Dividend - Rs. - 1.5000,12 Jun 2026,-,-,12 Jun 2026,12 Jun 2026,-
504176,HIGHENE,High Energy Batteries India Ltd,12 Jun 2026,Final Dividend - Rs. - 3.0000,12 Jun 2026,-,-,12 Jun 2026,12 Jun 2026,-
544658,ICICIAMC,ICICI Prudential Asset Management Company Ltd,12 Jun 2026,Final Dividend - Rs. - 12.4000,12 Jun 2026,-,-,12 Jun 2026,12 Jun 2026,-
523405,JMFINANCIL,JM Financial Ltd,12 Jun 2026,Final Dividend - Rs. - 1.7500,12 Jun 2026,-,-,12 Jun 2026,12 Jun 2026,-
512455,LLOYDSME,Lloyds Metals and Energy Ltd,12 Jun 2026,Final Dividend - Rs. - 1.0000,12 Jun 2026,-,-,12 Jun 2026,12 Jun 2026,-
522241,MMFL,MM Forgings Ltd,12 Jun 2026,Interim Dividend - Rs. - 4.0000,12 Jun 2026,-,-,12 Jun 2026,12 Jun 2026,-
539682,MOBAVENUE,Mobavenue AI Tech Ltd,12 Jun 2026,Stock  Split From Rs.10/- to Rs.2/-,12 Jun 2026,-,-,12 Jun 2026,12 Jun 2026,-
532504,NAVINFLUOR,Navin Fluorine International Ltd,12 Jun 2026,Final Dividend - Rs. - 8.6000,12 Jun 2026,-,-,12 Jun 2026,12 Jun 2026,-
535754,ORIENTCEM,Orient Cement Ltd,12 Jun 2026,Final Dividend - Rs. - 0.5000,12 Jun 2026,-,-,12 Jun 2026,12 Jun 2026,-
509782,OSEASPR,Oseaspre Consultants Ltd,12 Jun 2026,Final Dividend - Rs. - 87.0000,12 Jun 2026,-,-,12 Jun 2026,12 Jun 2026,-
531726,PANCHSHEEL,Panchsheel Organics Ltd,12 Jun 2026,Final Dividend - Rs. - 0.8000,12 Jun 2026,-,-,12 Jun 2026,12 Jun 2026,-
532522,PETRONET,Petronet LNG Ltd,12 Jun 2026,Final Dividend - Rs. - 3.0000,12 Jun 2026,-,-,12 Jun 2026,12 Jun 2026,-
544597,PIRAMALFIN,Piramal Finance Ltd,12 Jun 2026,Final Dividend - Rs. - 11.0000,12 Jun 2026,-,-,12 Jun 2026,12 Jun 2026,-
532461,PNB,Punjab National Bank,12 Jun 2026,Final Dividend - Rs. - 3.0000,13 Jun 2026,-,-,12 Jun 2026,12 Jun 2026,-
523445,RIIL,Reliance Industrial Infrastructure Ltd,12 Jun 2026,Final Dividend - Rs. - 3.5000,12 Jun 2026,-,-,12 Jun 2026,12 Jun 2026,-
514211,SUMEETINDS,Sumeet Industries Ltd,12 Jun 2026,Right Issue of Equity Shares ,12 Jun 2026,-,-,12 Jun 2026,12 Jun 2026,-
500470,TATASTEEL,Tata Steel Ltd,12 Jun 2026,Final Dividend - Rs. - 4.0000,12 Jun 2026,-,-,12 Jun 2026,12 Jun 2026,-
509917,TECHCON,Technojet Consultants Ltd,12 Jun 2026,Final Dividend - Rs. - 87.0000,12 Jun 2026,-,-,12 Jun 2026,12 Jun 2026,-
543596,TMB,Tamilnad Mercantile Bank Ltd,12 Jun 2026,Final Dividend - Rs. - 12.5000,12 Jun 2026,-,-,12 Jun 2026,12 Jun 2026,-
544569,TMCV,Tata Motors Ltd,12 Jun 2026,Final Dividend - Rs. - 4.0000,12 Jun 2026,-,-,12 Jun 2026,12 Jun 2026,-
500251,TRENT,Trent Ltd,12 Jun 2026,Final Dividend - Rs. - 4.0000,12 Jun 2026,-,-,12 Jun 2026,12 Jun 2026,-
500575,VOLTAS,Voltas Ltd,12 Jun 2026,Final Dividend - Rs. - 4.0000,12 Jun 2026,-,-,12 Jun 2026,12 Jun 2026,-
543263,SMCGLOBAL,SMC Global Securities Ltd,15 Jun 2026,Final Dividend - Rs. - 0.6000,15 Jun 2026,-,-,15 Jun 2026,15 Jun 2026,-
523373,MINID,Mini Diamonds India Ltd,16 Jun 2026,Bonus issue 1:1,16 Jun 2026,-,-,16 Jun 2026,16 Jun 2026,-
543981,RRKABEL,R R Kabel Ltd,16 Jun 2026,Final Dividend - Rs. - 5.5000,16 Jun 2026,-,-,16 Jun 2026,16 Jun 2026,-
532929,BRIGADE,Brigade Enterprises Ltd,17 Jun 2026,Bonus issue 1:3,17 Jun 2026,-,-,17 Jun 2026,17 Jun 2026,-
532175,CYIENT,Cyient Ltd,17 Jun 2026,Buy Back of Shares ,17 Jun 2026,-,-,17 Jun 2026,17 Jun 2026,-
544120,CAPITALSFB,Capital Small Finance Bank Ltd,18 Jun 2026,Final Dividend - Rs. - 5.0000,18 Jun 2026,-,-,18 Jun 2026,18 Jun 2026,-
543533,EMUDHRA,eMudhra Ltd,18 Jun 2026,Final Dividend - Rs. - 1.2500,18 Jun 2026,-,-,18 Jun 2026,18 Jun 2026,-
500171,GHCL,GHCL Ltd,18 Jun 2026,Final Dividend - Rs. - 12.0000,18 Jun 2026,-,-,18 Jun 2026,18 Jun 2026,-
544429,HDBFS,HDB Financial Services Ltd,18 Jun 2026,Final Dividend - Rs. - 2.0000,18 Jun 2026,-,-,18 Jun 2026,18 Jun 2026,-
543994,JSWINFRA,JSW Infrastructure Ltd,18 Jun 2026,Final Dividend - Rs. - 0.9000,18 Jun 2026,-,-,18 Jun 2026,18 Jun 2026,-
544451,MONIKA,Monika Alcobev Ltd,18 Jun 2026,Final Dividend - Rs. - 1.0000,18 Jun 2026,-,-,18 Jun 2026,18 Jun 2026,-
512489,OASISEC,Oasis Securities Ltd,18 Jun 2026,Right Issue of Equity Shares ,18 Jun 2026,-,-,18 Jun 2026,18 Jun 2026,-
530585,SWASTIKA,Swastika Investmart Ltd,18 Jun 2026,Final Dividend - Rs. - 0.6000,18 Jun 2026,-,-,18 Jun 2026,18 Jun 2026,-
544028,TATATECH,Tata Technologies Ltd,18 Jun 2026,Final Dividend - Rs. - 8.3500,18 Jun 2026,-,-,18 Jun 2026,18 Jun 2026,-
544028,TATATECH,Tata Technologies Ltd,18 Jun 2026,Special Dividend - Rs. - 3.3500,18 Jun 2026,-,-,18 Jun 2026,18 Jun 2026,-
524394,VIMTALABS,Vimta Labs Ltd,18 Jun 2026,Final Dividend - Rs. - 2.0000,18 Jun 2026,-,-,18 Jun 2026,18 Jun 2026,-
539196,AEL,Amba Enterprises Ltd,19 Jun 2026,Final Dividend - Rs. - 0.7500,19 Jun 2026,-,-,19 Jun 2026,19 Jun 2026,-
543458,AWL,AWL Agri Business Ltd,19 Jun 2026,Final Dividend - Rs. - 1.0000,19 Jun 2026,-,-,19 Jun 2026,19 Jun 2026,-
544644,CORONA,Corona Remedies Ltd,19 Jun 2026,Final Dividend - Rs. - 10.0000,19 Jun 2026,-,-,19 Jun 2026,19 Jun 2026,-
544276,DBEIL,Deepak Builders and Engineers India Ltd,19 Jun 2026,Stock  Split From Rs.10/- to Rs.1/-,19 Jun 2026,-,-,19 Jun 2026,19 Jun 2026,-
543918,GHCLTEXTIL,GHCL Textiles Ltd,19 Jun 2026,Final Dividend - Rs. - 0.6000,20 Jun 2026,-,-,19 Jun 2026,19 Jun 2026,-
500180,HDFCBANK,HDFC Bank Ltd,19 Jun 2026,Final Dividend - Rs. - 13.0000,19 Jun 2026,-,-,19 Jun 2026,19 Jun 2026,-
540777,HDFCLIFE,HDFC Life Insurance Company Ltd,19 Jun 2026,Final Dividend - Rs. - 2.1000,19 Jun 2026,-,-,19 Jun 2026,19 Jun 2026,-
539984,HIIL,Hindusthan Insulators & Industries Ltd,19 Jun 2026,Final Dividend - Rs. - 0.5000,19 Jun 2026,-,-,19 Jun 2026,19 Jun 2026,-
542726,INDIAMART,IndiaMART InterMESH Ltd,19 Jun 2026,Special Dividend - Rs. - 30.0000,19 Jun 2026,-,-,19 Jun 2026,19 Jun 2026,-
542726,INDIAMART,IndiaMART InterMESH Ltd,19 Jun 2026,Final Dividend - Rs. - 30.0000,19 Jun 2026,-,-,19 Jun 2026,19 Jun 2026,-
544044,INDIASHLTR,India Shelter Finance Corporation Ltd,19 Jun 2026,Final Dividend - Rs. - 10.0000,19 Jun 2026,-,-,19 Jun 2026,19 Jun 2026,-
534535,META,String Metaverse Ltd,19 Jun 2026,Bonus issue 2:9,19 Jun 2026,-,-,19 Jun 2026,19 Jun 2026,-
540254,MTPL,Marg Techno Projects Ltd,19 Jun 2026,Right Issue of Equity Shares ,20 Jun 2026,-,-,19 Jun 2026,19 Jun 2026,-
542652,POLYCAB,Polycab India Ltd,19 Jun 2026,Final Dividend - Rs. - 47.0000,19 Jun 2026,-,-,19 Jun 2026,19 Jun 2026,-
539837,RPEL,Raghav Productivity Enhancers Ltd,19 Jun 2026,Final Dividend - Rs. - 1.0000,19 Jun 2026,-,-,19 Jun 2026,19 Jun 2026,-
544250,SANOFICONR,Sanofi Consumer Healthcare India Ltd,19 Jun 2026,Final Dividend - Rs. - 75.0000,19 Jun 2026,-,-,19 Jun 2026,19 Jun 2026,-
522152,SOLIMAC,Solitaire Machine Tools Ltd,19 Jun 2026,Final Dividend - Rs. - 1.5000,20 Jun 2026,-,-,19 Jun 2026,19 Jun 2026,-
500483,TATACOMM,Tata Communications Ltd,19 Jun 2026,Final Dividend - Rs. - 17.5000,19 Jun 2026,-,-,19 Jun 2026,19 Jun 2026,-
500570,TMPV,Tata Motors Passenger Vehicles Ltd,19 Jun 2026,Final Dividend - Rs. - 3.0000,19 Jun 2026,-,-,19 Jun 2026,19 Jun 2026,-
532779,TORNTPOWER,Torrent Power Ltd,19 Jun 2026,Final Dividend - Rs. - 5.0000,19 Jun 2026,-,-,19 Jun 2026,19 Jun 2026,-
